"","label","StartTime","Plot","TIMESTAMP","HM81_AIC","HM81_flux.estimate","HM81_p.value","HM81_r.squared","HM81_RMSE","lin_AIC","lin_flux.estimate","lin_flux.std.error","lin_int.estimate","lin_int.std.error","lin_p.value","lin_r.squared","lin_RMSE","poly_AIC","poly_r.squared","poly_RMSE","rob_AIC","rob_converged","rob_flux.estimate","rob_flux.std.error","rob_RMSE","TIMESTAMP_min","TIMESTAMP_max"
"1","38","2026-05-17 10:39:56","Collar_38_2026-05-17 10:39:56",2026-05-17 10:40:45.5,202.325524003442,-0.410439270931245,8.93901909307875e-63,0.972731260394572,0.835900991449883,237.629697637656,-0.211812830581017,0.0050462871950733,3775.9305592394,0.275635394365404,2.6862971850993e-55,0.957604460885998,1.04227516359988,173.856247985492,0.981828125775639,0.691293819756782,239.358622322484,TRUE,-0.206180972654701,0.00459870510266086,0.896920259989697,2026-05-17 10:40:06,2026-05-17 10:41:25
"2","38","2026-05-17 11:39:55","Collar_38_2026-05-17 11:39:55",2026-05-17 11:40:44.5,182.600779652198,-0.31227503538741,4.13992326709441e-61,0.969914332540068,0.738950194296041,213.349655137395,-0.178097938805484,0.00433578422098322,3775.91726163385,0.236826709902834,1.34957668033279e-54,0.955813918654957,0.895525766482544,154.077042853122,0.979964570441904,0.610907105509351,215.272248118782,TRUE,-0.172838328005447,0.0039046602748732,0.752736367809252,2026-05-17 11:40:05,2026-05-17 11:41:24
"3","38","2026-05-17 12:39:56","Collar_38_2026-05-17 12:39:56",2026-05-17 12:40:45.5,235.022847950935,-0.143588435203929,2.06771271633976e-44,0.919418300525251,1.02543116249574,111.581243461612,-0.153127307372394,0.0022952687186442,3777.91136309251,0.125370846719888,1.46730369166822e-70,0.982776899863487,0.474071626673603,112.209313944782,0.983487752224142,0.470253356160356,111.654633889577,TRUE,-0.152520055030853,0.00242026756028648,0.494798914932275,2026-05-17 12:40:06,2026-05-17 12:41:25
"4","38","2026-05-17 13:39:55","Collar_38_2026-05-17 13:39:55",2026-05-17 13:40:44.5,156.585259534686,-0.203614266769484,1.49968620705509e-56,0.960626401890759,0.628058629923597,148.996687306992,-0.132897169944458,0.00289995856635231,3834.19545788824,0.158399867502634,3.70318736422422e-58,0.964189600498529,0.598966066007629,107.261185923156,0.979782580732256,0.455932970864235,149.656717528048,TRUE,-0.13104543667614,0.00278307283310519,0.658945522480546,2026-05-17 13:40:05,2026-05-17 13:41:24
"5","38","2026-05-17 14:39:58","Collar_38_2026-05-17 14:39:58",2026-05-17 14:40:47.5,197.160576261986,-0.316158873451628,2.3849655790215e-57,0.962438710055564,0.809348215407111,127.37586698755,-0.177160038992804,0.00253341025614037,3748.65942322845,0.138378476699138,3.96288842107912e-72,0.984299930621008,0.523258087998292,76.2298309031432,0.99211990720092,0.375553086276522,127.865861838255,TRUE,-0.176724761149184,0.00208460603282037,0.453764403118172,2026-05-17 14:40:08,2026-05-17 14:41:27
"6","38","2026-05-17 15:39:57","Collar_38_2026-05-17 15:39:57",2026-05-17 15:40:46.5,NA,NA,NA,NA,NA,79.70429193249,-0.102534910292385,0.00188065285213617,3722.1089598615,0.102723937525606,7.26166385554428e-64,0.974430672202503,0.388435632646614,78.8215094880931,0.97594461885672,0.381685826795772,81.0753894608614,TRUE,-0.10035535867939,0.00165416638684457,0.295224575843611,2026-05-17 15:40:07,2026-05-17 15:41:26
"7","38","2026-05-17 16:39:55","Collar_38_2026-05-17 16:39:55",2026-05-17 16:40:44.5,200.063318868726,-0.163875345013871,1.41163937226212e-50,0.943987783284388,0.824165527562297,96.8237236342137,-0.147753389744187,0.0020930355457353,3727.54552404264,0.114324582761124,1.91901166138804e-72,0.984589102606189,0.43230178575279,84.9319847725193,0.987365538169592,0.396544512289652,97.3199624797163,TRUE,-0.147164322187048,0.0020905403915535,0.404087107209109,2026-05-17 16:40:05,2026-05-17 16:41:24
"8","38","2026-05-17 17:39:56","Collar_38_2026-05-17 17:39:56",2026-05-17 17:40:45.5,155.13603037679,-0.293014078295933,5.57498586115048e-70,0.982177331599052,0.622395560287487,201.825416756963,-0.196140145376331,0.00403447430104925,3770.18819518129,0.220368732899802,4.30842320329928e-60,0.968052674049498,0.833292319603014,102.291344493989,0.99124248158187,0.441988691124264,210.074767073175,TRUE,-0.186480301535286,0.0027069814462498,0.493727585997316,2026-05-17 17:40:06,2026-05-17 17:41:25
"9","38","2026-05-17 18:39:59","Collar_38_2026-05-17 18:39:59",2026-05-17 18:40:48.5,104.957103687791,-0.370335686314091,1.19577365143194e-81,0.991049922559587,0.454845384910736,229.940847505614,-0.201147030207164,0.00480952078697563,3737.37019052545,0.262702875912591,3.51848661712774e-55,0.957310244110868,0.99337272559043,52.1966657161272,0.995597569784463,0.323174541585321,235.563621892975,TRUE,-0.191258100795783,0.00398577665387736,0.758724826257475,2026-05-17 18:40:09,2026-05-17 18:41:28
"10","38","2026-05-17 19:39:58","Collar_38_2026-05-17 19:39:58",2026-05-17 19:40:47.5,172.132417872167,-0.314989606329167,1.07838067215608e-66,0.978361778415032,0.692150391990201,185.10554975082,-0.198622817504499,0.00363415579192214,3714.33661532466,0.198502765730365,6.02907102648974e-64,0.974552298686593,0.750609344286057,83.5936580700886,0.99319452951917,0.393241432737382,187.470439067566,TRUE,-0.193927841450046,0.0030461686789405,0.695282195393177,2026-05-17 19:40:08,2026-05-17 19:41:27
"11","38","2026-05-17 20:39:58","Collar_38_2026-05-17 20:39:58",2026-05-17 20:40:47.5,149.666490269298,-0.42435235845723,1.62659913538337e-72,0.984654277608361,0.601478754515813,220.741821058544,-0.203707296913721,0.00454080148660937,3746.09824546009,0.248025044971387,1.83662474647108e-57,0.962689365303927,0.937870642192336,103.71877989221,0.991780656136455,0.445949522470456,225.064248211021,TRUE,-0.195333637550374,0.00365708535307508,0.693991743767932,2026-05-17 20:40:08,2026-05-17 20:41:27
"12","38","2026-05-17 21:39:55","Collar_38_2026-05-17 21:39:55",2026-05-17 21:40:44.5,191.609447961105,-0.30634879519207,5.22969878409903e-60,0.967893606289317,0.781749767967695,133.12406907807,-0.185108546208835,0.00262608090729344,3707.94644982901,0.143440279662238,2.14994529692325e-72,0.984544144083063,0.542398559865564,54.5009315874047,0.994497520897187,0.327862467940754,134.122676047522,TRUE,-0.182765461910927,0.00242314474989671,0.502857551437783,2026-05-17 21:40:05,2026-05-17 21:41:24
"13","38","2026-05-17 22:39:56","Collar_38_2026-05-17 22:39:56",2026-05-17 22:40:45.5,189.489041101097,-0.370183207750048,2.15178434607758e-59,0.966708242094522,0.771457942706813,172.350864737194,-0.178346981858612,0.00335569887882272,3681.39291176133,0.183293052511731,5.04578120394518e-63,0.973128059141286,0.693096025396961,123.431321431331,0.986131939919397,0.504419948318037,176.713369418881,TRUE,-0.172521173463285,0.00237595232358244,0.456191464806674,2026-05-17 22:40:06,2026-05-17 22:41:25
"14","38","2026-05-17 23:39:55","Collar_38_2026-05-17 23:39:55",2026-05-17 23:40:44.5,229.729238483673,-0.25414534751827,2.14930890935258e-54,0.955283833608728,0.992059802546155,159.705434747241,-0.198727397741225,0.00310069450703705,3703.0206903609,0.169364350504706,3.17147720732847e-69,0.98136507415164,0.640426664132491,120.295774373677,0.989168952275904,0.494630976640005,159.783628732423,TRUE,-0.198981378887301,0.00308501262613324,0.727003556469761,2026-05-17 23:40:05,2026-05-17 23:41:24
"15","38","2026-05-18 00:22:05","Collar_38_2026-05-18 00:22:05",2026-05-18 00:22:54.5,158.542011579901,-0.47897655590231,1.74047209611411e-77,0.988556544774121,0.635786758755545,260.923832938742,-0.248854450948105,0.00583714092674114,3736.62690576872,0.318832951655929,8.38019474824807e-56,0.958851365727471,1.20562044512932,114.645325126341,0.993711582873022,0.477467777042809,263.28610896167,TRUE,-0.241350125207732,0.00538019470282738,1.19547275675886,2026-05-18 00:22:15,2026-05-18 00:23:34
"16","38","2026-05-18 00:40:17","Collar_38_2026-05-18 00:40:17",2026-05-18 00:41:06.5,226.837880499387,-0.26169422576341,9.66402019817592e-59,0.965401557627141,0.974293314824007,179.663472911626,-0.221815492099381,0.00351262583684553,3786.06764669383,0.19186462648069,9.86526730282943e-69,0.98081500298559,0.725508185966448,120.006569437123,0.991342575515995,0.493737723423227,181.640800596441,TRUE,-0.218059158516144,0.00295751810816624,0.633317036131058,2026-05-18 00:40:27,2026-05-18 00:41:46
"17","38","2026-05-18 01:40:18","Collar_38_2026-05-18 01:40:18",2026-05-18 01:41:07.5,210.895200897062,-0.316989597929199,1.7523947085363e-58,0.964869761380174,0.881892931143102,186.526535985413,-0.198569590808928,0.00366657507277423,3769.15335034348,0.200273553027496,1.20870485256174e-63,0.974094535076916,0.757305318959654,135.418787801991,0.986991446598758,0.543663678020031,186.894253375168,TRUE,-0.19676597422008,0.00392863896247131,0.759456946068622,2026-05-18 01:40:28,2026-05-18 01:41:47
"18","38","2026-05-18 02:40:15","Collar_38_2026-05-18 02:40:15",2026-05-18 02:41:04.5,NA,NA,NA,NA,NA,145.786550925661,-0.186032793932031,0.00284235546368617,3843.68484013844,0.155253503986988,6.35787314128401e-70,0.982117193431978,0.587068549886504,146.780735556542,0.982776632588994,0.583674223203874,145.854495501349,TRUE,-0.185481742827194,0.00271463022951123,0.547380231808018,2026-05-18 02:40:25,2026-05-18 02:41:44
"19","38","2026-05-18 03:40:15","Collar_38_2026-05-18 03:40:15",2026-05-18 03:41:04.5,218.765378281879,-0.266760051554373,1.03648662242036e-56,0.960997410973816,0.926356605858132,196.25606276464,-0.197596917403078,0.00389645648309632,3836.68882183421,0.212830003095036,1.76941087765371e-61,0.970562729215058,0.804785709054367,156.998018184252,0.982857923966216,0.622162309609117,197.614192682654,TRUE,-0.193362404742038,0.00342301763197944,0.733738934226712,2026-05-18 03:40:25,2026-05-18 03:41:44
"20","38","2026-05-18 04:40:16","Collar_38_2026-05-18 04:40:16",2026-05-18 04:41:05.5,207.932176536037,-0.29353609303618,9.43737962544018e-59,0.965422594851106,0.865711535441148,203.010181506265,-0.195810596761594,0.00406445957454831,3855.28117690853,0.222006571248388,8.55701141834031e-60,0.967485846056137,0.839485567159819,153.692321946278,0.983303447583319,0.609439940521818,204.184870787847,TRUE,-0.192027282079706,0.00362594844602763,0.842950179428019,2026-05-18 04:40:26,2026-05-18 04:41:45
"21","38","2026-05-18 05:40:14","Collar_38_2026-05-18 05:40:14",2026-05-18 05:41:03.5,192.468074876387,-0.243752446191466,4.07511853265603e-56,0.959604673400949,0.785956240917954,194.192205329032,-0.163725613014034,0.00384651843688234,3890.50993615371,0.210102315880668,9.44854020389332e-56,0.958724639218335,0.794471356486729,157.044536692177,0.975321809626866,0.622343223796962,194.734379082513,TRUE,-0.161311962299265,0.00413153054017048,0.818603763934995,2026-05-18 05:40:24,2026-05-18 05:41:43
"22","38","2026-05-18 06:40:18","Collar_38_2026-05-18 06:40:18",2026-05-18 06:41:07.5,251.986773116732,-0.242800279906629,4.13207447360151e-49,0.938926226290244,1.14012476883838,183.967305911332,-0.194679230472011,0.00360839406383476,3896.08379836511,0.197095623448049,1.61231375124247e-63,0.97390250850407,0.745288440358294,174.866820693186,0.977844558478258,0.695673904346968,184.19154391361,TRUE,-0.193224838717241,0.00351992911225281,0.920123976470706,2026-05-18 06:40:28,2026-05-18 06:41:47
"23","38","2026-05-18 07:40:15","Collar_38_2026-05-18 07:40:15",2026-05-18 07:41:04.5,217.600169901321,-0.298078598908335,3.47373848940963e-55,0.957324244545437,0.919634870756353,202.052489814395,-0.18697962497876,0.00404020411857665,3886.70883708231,0.220681703694518,1.76768882481348e-58,0.964861936610877,0.834475773154093,168.906962078793,0.977913515215237,0.670237351729465,203.20073855954,TRUE,-0.183548291892782,0.00390492063638576,0.807031722856031,2026-05-18 07:40:25,2026-05-18 07:41:44
"24","38","2026-05-18 08:40:17","Collar_38_2026-05-18 08:40:17",2026-05-18 08:41:06.5,236.974546437126,-0.234365278754472,3.49684153927591e-49,0.939186851917738,1.038016090449,178.559240879272,-0.177330955896699,0.00348846708565276,3873.26946339182,0.190545041079586,1.4760203834762e-61,0.970699203572691,0.720518365653328,170.368245265314,0.974840708987079,0.676386681040671,178.742134252608,TRUE,-0.176111522756074,0.00377537147962105,0.742849986956594,2026-05-18 08:40:27,2026-05-18 08:41:46
"25","40","2026-05-17 10:36:55","Collar_40_2026-05-17 10:36:55",2026-05-17 10:37:44.5,150.789325186059,-0.312175918836234,5.01968517444394e-52,0.948577404185863,0.605714608567227,228.881236430411,-0.106135937880713,0.00477777463920721,3781.19452135901,0.26096885610328,1.79483756658029e-35,0.863513381930869,0.986815781825655,144.297224407697,0.954898007577669,0.574684414350591,229.022016603909,TRUE,-0.104747538642109,0.00493283871821134,1.10031953759556,2026-05-17 10:37:05,2026-05-17 10:38:24
"26","40","2026-05-17 11:36:55","Collar_40_2026-05-17 11:36:55",2026-05-17 11:37:44.5,135.110237266991,-0.322295939742039,5.46556241252293e-46,0.926578944263289,0.549173616403687,208.719749035666,-0.0782731834337896,0.00421211789956567,3777.17767326558,0.230071879280644,2.23362545097246e-30,0.815743344139612,0.869983356705885,122.989676590666,0.939978444926787,0.503029527752926,209.095690705691,TRUE,-0.0760896523083724,0.00411795755663913,1.01111962765487,2026-05-17 11:37:05,2026-05-17 11:38:24
"27","40","2026-05-17 12:36:56","Collar_40_2026-05-17 12:36:56",2026-05-17 12:37:45.5,NA,NA,NA,NA,NA,91.8683123265666,-0.027890533242714,0.00202920503057076,3773.91788797956,0.110838069104687,1.55100379188203e-22,0.707769914146169,0.41911804133556,83.9483342696159,0.748223514524802,0.394114108226737,92.3501637084615,TRUE,-0.0292315052826781,0.00205015759143621,0.418039856437342,2026-05-17 12:37:06,2026-05-17 12:38:25
"28","40","2026-05-17 13:36:54","Collar_40_2026-05-17 13:36:54",2026-05-17 13:37:43.5,245.351220916056,0.656138225036632,7.88770059555255e-42,0.906168407398298,1.09380834526894,330.399578325755,0.130306538307723,0.00901116639001169,3891.83666335641,0.492202743440383,8.89745537946491e-24,0.728325115163607,1.86119310302924,119.546024167347,0.981478417975356,0.492318588246571,334.211620514898,TRUE,0.11527952222017,0.00709509449645498,1.67743961958074,2026-05-17 13:37:04,2026-05-17 13:38:23
"29","40","2026-05-17 14:36:57","Collar_40_2026-05-17 14:36:57",2026-05-17 14:37:46.5,70.87894451937,-0.0558707471171496,3.2443190086746e-49,0.939303523261165,0.367590318475044,88.456109122288,-0.0613404010890315,0.00198638784438042,3756.65395082598,0.108499333407537,1.72154450884849e-45,0.924389118343991,0.41027445237277,58.1286797885165,0.950769795713099,0.335381148453931,90.372349427431,TRUE,-0.0588657216465418,0.00188416379808938,0.331454742591318,2026-05-17 14:37:07,2026-05-17 14:38:26
"30","40","2026-05-17 15:36:57","Collar_40_2026-05-17 15:36:57",2026-05-17 15:37:46.5,74.8783803868451,-0.186175836890106,1.32212401230845e-64,0.975523062261479,0.376894582822931,177.861540232632,-0.098336323238193,0.00347328829336215,3721.39702516018,0.189715953824486,8.69182414251688e-43,0.911321199764621,0.717383292755894,75.8723410774125,0.976425729928428,0.374714920440919,180.531925871087,TRUE,-0.093783979445744,0.00298677827201942,0.562911635541328,2026-05-17 15:37:07,2026-05-17 15:38:26
"31","40","2026-05-17 16:36:55","Collar_40_2026-05-17 16:36:55",2026-05-17 16:37:44.5,NA,NA,NA,NA,NA,126.646669322329,-0.0493210989827172,0.00252189054626064,3722.01383782064,0.137749253737201,8.31824157113848e-32,0.830612926301519,0.520878772863149,70.6021940761018,0.920031681911347,0.362573461416456,131.688307917863,TRUE,-0.0541325546260066,0.00166631240194513,0.321669512256118,2026-05-17 16:37:05,2026-05-17 16:38:24
"32","40","2026-05-17 17:36:55","Collar_40_2026-05-17 17:36:55",2026-05-17 17:37:44.5,NA,NA,NA,NA,NA,215.12107762041,-0.0718937678996942,0.00438405409555659,3772.85215031322,0.2394632792061,5.37970379261713e-27,0.775167344592793,0.905495569918825,115.972382668333,0.938070435373449,0.481444415675556,215.126315485194,TRUE,-0.0721861057444273,0.00467083223917336,1.05736751043698,2026-05-17 17:37:05,2026-05-17 17:38:24
"33","40","2026-05-17 18:36:57","Collar_40_2026-05-17 18:36:57",2026-05-17 18:37:46.5,NA,NA,NA,NA,NA,140.829528459609,-0.0753213346379103,0.00275564547299042,3750.41025443858,0.150517280788242,1.05452737797571e-41,0.905468091661262,0.569159210555523,98.2332234396807,0.94720145575914,0.43091938871596,140.869671687734,TRUE,-0.0748920679713554,0.00299675907889737,0.567887955682909,2026-05-17 18:37:07,2026-05-17 18:38:26
"34","40","2026-05-17 19:36:56","Collar_40_2026-05-17 19:36:56",2026-05-17 19:37:45.5,160.703684309971,-0.153635549325154,6.14064151849417e-42,0.90676809667432,0.644434814910844,162.242089121121,-0.085851478974352,0.00315024494699134,3722.23470125668,0.172070866113074,1.30120170893126e-41,0.904957892179195,0.65066095935061,96.3634469387826,0.960320407752692,0.425912930268767,162.342040140602,TRUE,-0.0856015139433547,0.00333650113938228,0.685988780075115,2026-05-17 19:37:06,2026-05-17 19:38:25
"35","40","2026-05-17 20:36:56","Collar_40_2026-05-17 20:36:56",2026-05-17 20:37:45.5,116.937090348365,-0.199426372528752,1.60078548001005e-58,0.964951140076911,0.490209310630001,229.252576653967,-0.103669257175679,0.00478887614122243,3758.19892505402,0.261575235955977,1.01997196889373e-34,0.857308256364592,0.989108719064824,106.353611427261,0.97079179685982,0.453354084837707,236.886181062214,TRUE,-0.092359963769122,0.00380360268673024,0.72201030591153,2026-05-17 20:37:06,2026-05-17 20:38:25
"36","40","2026-05-17 21:36:55","Collar_40_2026-05-17 21:36:55",2026-05-17 21:37:44.5,70.6121650330298,-0.194143620557396,5.11385345596023e-62,0.971484557320409,0.366977919438197,176.400853640416,-0.0878138698038129,0.00344172393245157,3714.98487180582,0.187991863472281,1.33039245314282e-39,0.89300261482709,0.710863895789323,67.1015162450938,0.974039849762571,0.354726783600697,181.505314813181,TRUE,-0.0809517681425287,0.00278592811955125,0.551858194180819,2026-05-17 21:37:05,2026-05-17 21:38:24
"37","40","2026-05-17 22:36:55","Collar_40_2026-05-17 22:36:55",2026-05-17 22:37:44.5,110.75510137851,-0.262989879946225,3.76747527454198e-58,0.964173800763428,0.471630119564711,212.982685851835,-0.0994609647346096,0.00432585124353065,3697.83069351548,0.236284156526158,1.74138368057225e-36,0.87142347480067,0.893474179781431,89.4716738044174,0.973881689937498,0.407956827660924,213.001112106354,TRUE,-0.0991192001918005,0.00464666294063046,1.11343913928935,2026-05-17 22:37:05,2026-05-17 22:38:24
"38","40","2026-05-17 23:36:54","Collar_40_2026-05-17 23:36:54",2026-05-17 23:37:43.5,125.526451040388,-0.137237490423744,1.55265023433825e-49,0.94043877501852,0.517244647600409,182.411923238264,-0.084952700245055,0.00357348630036432,3709.01568329512,0.195188911685789,1.77468005602003e-37,0.878723486098926,0.738078487084613,113.6279474525,0.951173486246422,0.47444137748554,183.725561945683,TRUE,-0.0817372308872996,0.00351461586496256,0.734255023880129,2026-05-17 23:37:04,2026-05-17 23:38:23
"39","40","2026-05-18 00:19:04","Collar_40_2026-05-18 00:19:04",2026-05-18 00:19:53.5,232.420038696859,-0.202731731820746,3.06764697711293e-37,0.877012590246738,1.00888485068386,273.378894266799,-0.109666112559053,0.00630968177182774,3716.81524583526,0.344643805686664,1.5111274411133e-28,0.794783055581156,1.30322043648556,214.124116328586,0.906927108958665,0.889126144279027,273.527867995304,TRUE,-0.107760817839326,0.00687529546839076,1.5254369713245,2026-05-18 00:19:14,2026-05-18 00:20:33
"40","40","2026-05-18 00:37:16","Collar_40_2026-05-18 00:37:16",2026-05-18 00:38:05.5,190.843920466152,-0.0902916599514746,1.57709183081174e-37,0.879089360278527,0.778018383193813,207.000605149803,-0.088312441073956,0.00416710244071572,3729.37927574921,0.227613070799676,4.21814785753861e-34,0.852029886641161,0.860685729970894,145.544281834687,0.934712129074141,0.579181068211303,207.030460447451,TRUE,-0.0887491993171632,0.00452347960833072,1.00161448874691,2026-05-18 00:37:26,2026-05-18 00:38:45
"41","40","2026-05-18 01:37:16","Collar_40_2026-05-18 01:37:16",2026-05-18 01:38:05.5,159.693496647879,-0.140166593141727,5.89189307454609e-50,0.941899240774413,0.640378881682919,223.302943436127,-0.106040761385482,0.00461407101222656,3758.29588063463,0.252027130823373,1.79474929403472e-36,0.871324103048116,0.95300394789759,147.909576009439,0.952302464811694,0.587806753299691,224.020502450165,TRUE,-0.102801191218694,0.00467997996621676,0.984274462232973,2026-05-18 01:37:26,2026-05-18 01:38:45
"42","40","2026-05-18 02:37:13","Collar_40_2026-05-18 02:37:13",2026-05-18 02:38:02.5,200.826849422066,-0.441827870343159,4.36885898890775e-49,0.938838974061726,0.828107898967131,293.548495929085,-0.128472156911177,0.00715738902613889,3810.93526869895,0.39094678336431,2.01225344953494e-29,0.805091398794193,1.47830841364916,150.503413738292,0.968985116271635,0.597413634647786,293.591340772897,TRUE,-0.127841053018326,0.00767143560944641,1.80130405203178,2026-05-18 02:37:23,2026-05-18 02:38:42
"43","40","2026-05-18 03:37:14","Collar_40_2026-05-18 03:37:14",2026-05-18 03:38:03.5,213.998080018375,-0.112777008791985,1.70298863668757e-37,0.87885142650947,0.899162387920574,240.054531656481,-0.100770143583257,0.00512334720594294,3835.8246452981,0.279844521920926,5.74572959606056e-32,0.832208301884401,1.05819136740108,182.897211140513,0.921879163683908,0.731480792627047,240.251283744808,TRUE,-0.0991797604359957,0.00572902261837136,1.11174538601728,2026-05-18 03:37:24,2026-05-18 03:38:43
"44","40","2026-05-18 04:37:15","Collar_40_2026-05-18 04:37:15",2026-05-18 04:38:04.5,179.57322772799,-0.302134754893434,3.21261138006565e-53,0.952074878252217,0.725099091226937,225.019373601454,-0.135507222901895,0.00466383578213508,3862.91421515943,0.254745353439127,1.37072123607561e-43,0.91541840813157,0.963282511461817,161.428753376329,0.963663094693596,0.639632057947767,225.169789283535,TRUE,-0.134860163159076,0.00472695524427871,0.944794850867092,2026-05-18 04:37:25,2026-05-18 04:38:44
"45","40","2026-05-18 05:37:13","Collar_40_2026-05-18 05:37:13",2026-05-18 05:38:02.5,169.614849182557,-0.211390920945493,2.27024255928608e-50,0.943301730165231,0.681344776085565,233.667568592344,-0.11436895362891,0.00492285899097002,3893.80139869599,0.268893570050087,8.57832376751412e-37,0.873732497966875,1.01678193528141,171.957515908082,0.944464245977297,0.683138668420043,233.995128329084,TRUE,-0.111951681742104,0.00517611033561764,1.08478078422229,2026-05-18 05:37:23,2026-05-18 05:38:42
"46","40","2026-05-18 06:37:16","Collar_40_2026-05-18 06:37:16",2026-05-18 06:38:05.5,153.148231848842,-0.135496780266881,2.55108503301458e-48,0.936010519344784,0.614710914041236,205.318440460052,-0.0973181899775365,0.00412352098595097,3911.2157789625,0.225232589664391,2.92307237760902e-37,0.877164469187308,0.85168428670401,150.57344591374,0.941059180516724,0.597675180486039,205.568846505142,TRUE,-0.0954607074107192,0.00414311785521885,0.951931907832403,2026-05-18 06:37:26,2026-05-18 06:38:45
"47","40","2026-05-18 07:37:15","Collar_40_2026-05-18 07:37:15",2026-05-18 07:38:04.5,154.904957772615,-0.0746239639851053,3.53361840164749e-37,0.876566618234904,0.621497343029592,159.997389175631,-0.0704909292202739,0.00310635755651951,3887.35508004903,0.169673674333704,4.24955653184307e-36,0.868453949509189,0.641596327213016,148.370323064275,0.891795964999994,0.589501881772795,160.175585351577,TRUE,-0.0693331921687451,0.00321756557214018,0.685445546703486,2026-05-18 07:37:25,2026-05-18 07:38:44
"48","40","2026-05-18 08:37:15","Collar_40_2026-05-18 08:37:15",2026-05-18 08:38:04.5,190.880842369746,-0.129409983917293,2.9593594125275e-48,0.935766687137048,0.778197940908923,173.978176433163,-0.127835366672728,0.00339000283089474,3868.77326558805,0.18516678323536,7.75967921834188e-52,0.948000263885,0.700181265668839,155.660560956228,0.960658952069372,0.616983264128067,173.987908980609,TRUE,-0.127505199233268,0.00355512024328457,0.760663579053763,2026-05-18 08:37:25,2026-05-18 08:38:44
"49","41","2026-05-17 10:27:52","Collar_41_2026-05-17 10:27:52",2026-05-17 10:28:41.5,263.784749046061,-0.229568398756619,7.45561635818455e-50,0.941547776919689,1.22737169814235,243.075334925434,-0.212122478965014,0.00522099500148219,3763.14097964256,0.285178183599684,3.05452300903302e-54,0.954879258339428,1.07835983347059,218.348951927016,0.968491345406747,0.912916429558069,243.122915440695,TRUE,-0.210997786418412,0.00574703549326014,1.13545571475002,2026-05-17 10:28:02,2026-05-17 10:29:21
"50","41","2026-05-17 11:27:52","Collar_41_2026-05-17 11:27:52",2026-05-17 11:28:41.5,259.99357462845,-0.21964043130094,1.01852094972546e-47,0.933700274307865,1.19863116780879,235.682592546033,-0.194121593640651,0.00498524902569271,3776.80489336662,0.272301402613016,7.19426020804727e-53,0.951074512190984,1.02966815858457,217.433835312901,0.962952939185018,0.90770992679245,235.685239242312,TRUE,-0.193940283072431,0.005080245056347,1.23731074417669,2026-05-17 11:28:02,2026-05-17 11:29:21
"51","41","2026-05-17 12:27:52","Collar_41_2026-05-17 12:27:52",2026-05-17 12:28:41.5,249.821731296056,-0.256571483457666,3.68611082417684e-52,0.948982679758919,1.1248010677884,210.518594917804,-0.209588590256155,0.00425974104976348,3741.82689461345,0.232673123577344,1.74179429757783e-60,0.968785710620197,0.879819583766451,184.72353941694,0.978491724046227,0.739878152848061,210.520862104785,TRUE,-0.209391707364899,0.00452858468590795,1.02735366940338,2026-05-17 12:28:02,2026-05-17 12:29:21
"52","41","2026-05-17 13:27:52","Collar_41_2026-05-17 13:27:52",2026-05-17 13:28:41.5,197.479322635269,-0.389566279438766,8.26775424470914e-68,0.979740459036637,0.810962177565061,254.65751526183,-0.238528736971761,0.00561295110078595,3822.09841374066,0.30658738403342,1.06582933792049e-55,0.958597003844901,1.15931561179502,156.936084416598,0.988390364921718,0.621921525864594,255.570035489458,TRUE,-0.234608553784635,0.0058729156683183,1.06681444677152,2026-05-17 13:28:02,2026-05-17 13:29:21
"53","41","2026-05-17 14:27:52","Collar_41_2026-05-17 14:27:52",2026-05-17 14:28:41.5,186.768559473502,-0.33791274791946,9.06874681787468e-70,0.98195364361904,0.758451721259718,237.543715679795,-0.237273306165523,0.0050435761132579,3731.12257143667,0.275487311215069,5.14121169060642e-59,0.965956699637348,1.04171520869968,108.780830264079,0.993524037878544,0.460283950216535,237.895190997473,TRUE,-0.23516847325278,0.00505643512858775,1.17432499183189,2026-05-17 14:28:02,2026-05-17 14:29:21
"54","41","2026-05-17 15:27:52","Collar_41_2026-05-17 15:27:52",2026-05-17 15:28:41.5,203.439535160652,-0.279869222483517,7.38289119115373e-62,0.971214896431732,0.84174131864141,222.695177878768,-0.208223995126434,0.00459657754902186,3709.07405149741,0.251071612946001,8.84538160952227e-58,0.963381500992069,0.949390795986336,117.633486022843,0.990632161356812,0.486468757480862,222.696403113948,TRUE,-0.208072433175203,0.00484652672972333,1.17271659356832,2026-05-17 15:28:02,2026-05-17 15:29:21
"55","41","2026-05-17 16:27:52","Collar_41_2026-05-17 16:27:52",2026-05-17 16:28:41.5,205.247756125223,-0.267079316003423,9.34219927805949e-61,0.969280149445237,0.851308115194048,186.94135457924,-0.205135991758477,0.00367609342813792,3698.1157427595,0.200793459155102,1.23958713059573e-64,0.975563472924419,0.759271268381553,89.873058347644,0.993091688020701,0.408981534721738,187.270634433179,TRUE,-0.204445167372534,0.00393424110626193,0.776865117646718,2026-05-17 16:28:02,2026-05-17 16:29:21
"56","41","2026-05-17 17:27:52","Collar_41_2026-05-17 17:27:52",2026-05-17 17:28:41.5,180.711378088822,-0.38249233012803,1.03530132399134e-69,0.981892268374392,0.730275428884656,219.817474410485,-0.228604193269769,0.00451464415054401,3737.04179743502,0.246596294017822,1.98165249659687e-61,0.970477130133086,0.932468028216368,41.454946170803,0.99697886191503,0.302190256231862,219.898698818659,TRUE,-0.227833317902374,0.00471201952329249,1.10524841142654,2026-05-17 17:28:02,2026-05-17 17:29:21
"57","41","2026-05-17 18:27:52","Collar_41_2026-05-17 18:27:52",2026-05-17 18:28:41.5,231.087747114996,-0.240634448239014,4.06349761704816e-54,0.954548028788991,1.00051892485114,143.585269816634,-0.19913818428189,0.0028035180925278,3733.47297619181,0.153132151455605,1.19235597828796e-72,0.984775968114228,0.579046963755337,74.0444391426064,0.993928444448583,0.370458392547152,143.599823545729,TRUE,-0.199340570355089,0.00284402589733644,0.585942938738607,2026-05-17 18:28:02,2026-05-17 18:29:21
"58","41","2026-05-17 19:27:52","Collar_41_2026-05-17 19:27:52",2026-05-17 19:28:41.5,228.797503185689,-0.375330283843527,3.35950160773083e-67,0.978999096062354,0.986299483889287,271.47754514797,-0.285765172799484,0.00623514485195401,3699.28590047735,0.34057249295515,3.67837011630113e-58,0.964195771320316,1.28782535940167,123.540308472944,0.994640607937163,0.504763660604686,271.494224851576,TRUE,-0.285111131091106,0.00647182263528769,1.62436655866371,2026-05-17 19:28:02,2026-05-17 19:29:21
"59","41","2026-05-17 20:27:52","Collar_41_2026-05-17 20:27:52",2026-05-17 20:28:41.5,NA,NA,NA,NA,NA,180.60074966285,-0.215078238238734,0.00353326311503718,3717.72568585147,0.192991864010598,1.63292702605797e-67,0.979383896767173,0.729770670773982,135.553110360968,0.988832843783595,0.544120284010072,180.685904588771,TRUE,-0.216088675482516,0.00391585474548135,0.774058503602097,2026-05-17 20:28:02,2026-05-17 20:29:21
"60","41","2026-05-17 21:27:52","Collar_41_2026-05-17 21:27:52",2026-05-17 21:28:41.5,181.883709736522,-0.479457486631659,1.65448504009531e-72,0.984647588925637,0.735645860861407,258.274022498173,-0.248758334393023,0.00574126629204088,3706.61031102728,0.31359614254783,2.4960273228778e-56,0.960108971680377,1.18581821297241,120.236328493281,0.993242315718854,0.494447237188366,259.012724790085,TRUE,-0.245550235236493,0.00566556015049431,1.17395203630372,2026-05-17 21:28:02,2026-05-17 21:29:21
"61","41","2026-05-17 22:27:52","Collar_41_2026-05-17 22:27:52",2026-05-17 22:28:41.5,224.81027793625,-0.390489443335458,6.63829228980277e-66,0.977329875952398,0.96202446994087,259.793390078546,-0.26837133559041,0.00579604530918655,3696.21636646098,0.31658825048981,1.70348984265763e-58,0.964895236336679,1.19713243407205,140.472108499332,0.992485602714738,0.561108376351368,259.822643465991,TRUE,-0.268714532718125,0.0059794233215644,1.48421153069375,2026-05-17 22:28:02,2026-05-17 22:29:21
"62","41","2026-05-17 23:27:52","Collar_41_2026-05-17 23:27:52",2026-05-17 23:28:41.5,212.56813470958,-0.390291565935407,3.13072516764493e-65,0.976410415485523,0.891162234000263,243.23489461221,-0.243772619318673,0.00522620422553905,3693.17473468641,0.285462718837523,9.78968274052567e-59,0.965390099620647,1.07943576209815,142.550377628948,0.990648064595864,0.56844425560135,243.423657293619,TRUE,-0.241990889539647,0.00540883104649275,1.23058335766429,2026-05-17 23:28:02,2026-05-17 23:29:21
"63","41","2026-05-18 00:10:01","Collar_41_2026-05-18 00:10:01",2026-05-18 00:10:50.5,258.090806750468,-0.309975238162458,5.96482954879131e-59,0.965826803177292,1.18446111156222,263.392750215283,-0.26892886354405,0.00592791081159113,3696.63029428312,0.323790932056163,7.91828869332714e-58,0.963485263768638,1.22436832707198,179.363254490083,0.987849780749754,0.71550152726339,263.431965641136,TRUE,-0.268810675108245,0.00663905502678085,1.30638320562207,2026-05-18 00:10:11,2026-05-18 00:11:30
"64","41","2026-05-18 00:28:11","Collar_41_2026-05-18 00:28:11",2026-05-18 00:29:00.5,NA,NA,NA,NA,NA,219.048487425216,-0.228785618303125,0.0044929980683542,3698.83079368366,0.245413954176626,1.29671796741341e-61,0.970796309211986,0.927997182031135,187.299740617365,0.981320330068242,0.751887545214842,219.566363195109,TRUE,-0.231806851974913,0.00416542191434182,0.907319675377812,2026-05-18 00:28:21,2026-05-18 00:29:40
"65","41","2026-05-18 01:28:10","Collar_41_2026-05-18 01:28:10",2026-05-18 01:28:59.5,297.369576385707,-0.219621354781284,2.92200025333553e-47,0.931885848450287,1.5140379537046,244.221389905245,-0.243672723564752,0.00525852642764032,3706.74553491076,0.287228203555008,1.60639035495144e-58,0.964948000252496,1.08611168583787,205.486487485536,0.979454408636364,0.842399139856186,244.226637972062,TRUE,-0.243365019086054,0.00555598870462758,1.353100192302,2026-05-18 01:28:20,2026-05-18 01:29:39
"66","41","2026-05-18 02:28:10","Collar_41_2026-05-18 02:28:10",2026-05-18 02:28:59.5,286.960443411283,-0.241139634437051,4.95966803354324e-51,0.945469022614739,1.41867472292408,217.793329186485,-0.256774599924278,0.00445788955980683,3788.50348121968,0.243496277432328,1.10801456715277e-65,0.977030207002994,0.920745766272299,165.377051380072,0.988652737422995,0.655612533373833,217.8640922825,TRUE,-0.256302871448981,0.00454370680691216,1.10816834187277,2026-05-18 02:28:20,2026-05-18 02:29:39
"67","41","2026-05-18 03:28:10","Collar_41_2026-05-18 03:28:10",2026-05-18 03:28:59.5,310.181966105573,-0.197444135703611,3.57321701865754e-46,0.927373926021397,1.64026474542901,268.495953835286,-0.254583772601657,0.00612002918453342,3802.76332966274,0.334284711233553,5.25699955320683e-55,0.956868704397359,1.26404902712894,245.625890381269,0.96917355096099,1.08260473475203,268.618644296752,TRUE,-0.256655057203977,0.00631861039768502,1.35910576155996,2026-05-18 03:28:20,2026-05-18 03:29:39
"68","41","2026-05-18 04:28:10","Collar_41_2026-05-18 04:28:10",2026-05-18 04:28:59.5,268.708920123631,-0.373068330624738,7.34199751045235e-57,0.961340552497765,1.26573264629697,264.181689094199,-0.270190193871726,0.00595721273987962,3872.92324362441,0.325391445116013,8.06952405304883e-58,0.96346755409567,1.2304204344769,209.319829560737,0.982496032833919,0.862825378091538,264.258778148752,TRUE,-0.271817475197149,0.00641432733421083,1.38623038850733,2026-05-18 04:28:20,2026-05-18 04:29:39
"69","41","2026-05-18 05:28:10","Collar_41_2026-05-18 05:28:10",2026-05-18 05:28:59.5,287.054172942431,-0.295510103669045,2.13509342128835e-55,0.957853238713075,1.4195060396259,280.980230898713,-0.2898270818101,0.00661667909548327,3886.43281840868,0.361412436781924,1.10349732966667e-56,0.960934740501862,1.36662857664259,221.108979182669,0.98241857544462,0.92880100540726,281.025182551716,TRUE,-0.289433800088593,0.00698881431817139,1.44145601655435,2026-05-18 05:28:20,2026-05-18 05:29:39
"70","41","2026-05-18 06:28:11","Collar_41_2026-05-18 06:28:11",2026-05-18 06:29:00.5,290.908249708062,-0.36132160398647,3.19145901960227e-50,0.942804785400529,1.45411421960518,272.871342421502,-0.253985740219305,0.00628969791854982,3887.80574681473,0.343552259156261,4.81579252997063e-54,0.954349758697359,1.29909291200282,231.371310576124,0.974151346906717,0.990325903165037,273.106845696262,TRUE,-0.253401992643955,0.00680753543595575,1.25933547146286,2026-05-18 06:28:21,2026-05-18 06:29:40
"71","41","2026-05-18 07:28:11","Collar_41_2026-05-18 07:28:11",2026-05-18 07:29:00.5,244.21228936723,-0.376351892707425,7.13774978851746e-59,0.965669211258977,1.08604991134042,264.536376654031,-0.245027329540484,0.00597043332095264,3874.08811031852,0.326113572085195,1.44123229350175e-54,0.955739453875239,1.23315105260625,207.38834801952,0.97939068175254,0.852472173946711,264.949209554112,TRUE,-0.241964323453422,0.00685613092703403,1.25451486222798,2026-05-18 07:28:21,2026-05-18 07:29:40
"72","41","2026-05-18 08:28:10","Collar_41_2026-05-18 08:28:10",2026-05-18 08:28:59.5,247.127316414204,-0.449831890368675,1.43472809289003e-58,0.96504938113859,1.10601791212042,283.08691638389,-0.245944275303566,0.00670437555503308,3875.45656065278,0.366202542314574,5.94944240473414e-51,0.945214192389891,1.38474166418418,225.219254465459,0.97471818402345,0.952970295191982,283.102793742914,TRUE,-0.245854577019959,0.00752536981825773,1.53453524295872,2026-05-18 08:28:20,2026-05-18 08:29:39
"73","43","2026-05-17 10:30:53","Collar_43_2026-05-17 10:30:53",2026-05-17 10:31:42.5,235.398694801563,-0.259127993147116,3.42129945442292e-30,0.813723519770095,1.027842775584,270.309461203409,-0.0859145840282546,0.00618979077894687,3759.84582470839,0.338095188886605,8.98601339048254e-23,0.711810974636559,1.2784577942917,233.79809513443,0.826318262935049,1.00546106613344,270.406499153886,TRUE,-0.084805017590007,0.00683878879848922,1.35360161261377,2026-05-17 10:31:03,2026-05-17 10:32:22
"74","43","2026-05-17 11:30:53","Collar_43_2026-05-17 11:30:53",2026-05-17 11:31:42.5,189.021290788605,-0.188376361253728,4.12809602386951e-35,0.860573085110457,0.769205925542536,213.749799422063,-0.0792807780913876,0.00434664116186824,3772.11999537814,0.237419731478254,7.31101329884635e-30,0.810071646483464,0.89776819133862,193.908231565151,0.859018691737151,0.783593068448491,214.014591873859,TRUE,-0.0776848047023749,0.00456427579493851,0.922924803093727,2026-05-17 11:31:03,2026-05-17 11:32:22
"75","43","2026-05-17 12:30:53","Collar_43_2026-05-17 12:30:53",2026-05-17 12:31:42.5,189.063842975045,-0.113696677651193,1.3370356925628e-37,0.879599348467296,0.769410523960139,207.181674738443,-0.0873642452401586,0.00417182095717886,3749.7964715801,0.227870802889797,9.32165842120784e-34,0.848997281297713,0.861660306392817,184.391947303798,0.891968133004891,0.738346379657462,207.185978144314,TRUE,-0.0871141898006163,0.0047350024235123,0.921981600071643,2026-05-17 12:31:03,2026-05-17 12:32:22
"76","43","2026-05-17 13:30:53","Collar_43_2026-05-17 13:30:53",2026-05-17 13:31:42.5,202.023787963854,-0.146783783606773,2.14937751067587e-35,0.862882308791826,0.834326092836556,195.319225662565,-0.0900654372856674,0.00387370848922647,3840.38678209286,0.211587475268348,8.13119988614957e-37,0.873905378652518,0.800087270753942,176.03493585485,0.905747347836442,0.700771409654477,195.339561355809,TRUE,-0.0900709114711404,0.00422950016339475,0.883738951960836,2026-05-17 13:31:03,2026-05-17 13:32:22
"77","43","2026-05-17 14:30:53","Collar_43_2026-05-17 14:30:53",2026-05-17 14:31:42.5,144.982019031066,-0.381080376680211,8.80045927657071e-55,0.956295427182602,0.584123988117155,253.524126666688,-0.108864744188198,0.00557333125133307,3743.00995504944,0.304423291423054,9.00981928085895e-32,0.830266580919478,1.15113241027003,117.252414715088,0.970604762136065,0.485311515591926,257.731722858322,TRUE,-0.099155035812903,0.00470362980550654,0.968215542661984,2026-05-17 14:31:03,2026-05-17 14:32:22
"78","43","2026-05-17 15:30:53","Collar_43_2026-05-17 15:30:53",2026-05-17 15:31:42.5,125.881855522049,-0.0834647563813761,5.64336023651097e-43,0.912296679777947,0.518394868769667,146.542901006799,-0.0704721048620095,0.00285582362052051,3713.04212485652,0.155989153896893,1.35497913491479e-38,0.886452321218764,0.589850303049822,109.750666488297,0.931808501981024,0.463082423389914,146.751535529486,TRUE,-0.0696126079948015,0.00294932774214205,0.660161655445351,2026-05-17 15:31:03,2026-05-17 15:32:22
"79","43","2026-05-17 16:30:53","Collar_43_2026-05-17 16:30:53",2026-05-17 16:31:42.5,NA,NA,NA,NA,NA,150.593529210788,-0.0785057709940224,0.00292904582010771,3705.66157490023,0.159988654733711,4.21126078825767e-41,0.902056115819944,0.604973833896103,126.953032346484,0.930669252583851,0.51564567081398,150.729119089198,TRUE,-0.0778554558960398,0.00283136004419307,0.600541897334784,2026-05-17 16:31:03,2026-05-17 16:32:22
"80","43","2026-05-17 17:30:53","Collar_43_2026-05-17 17:30:53",2026-05-17 17:31:42.5,132.313363966274,-0.0540639830811029,2.37191726977747e-35,0.862536176155568,0.539657227735981,87.6143740783363,-0.0597420476974085,0.00197596520772993,3754.92527869734,0.107930034148016,7.89881593060498e-45,0.921380213092627,0.408121730004801,81.4634102346518,0.930749084753813,0.388040496631267,87.6496362806542,TRUE,-0.0600702735230638,0.00184200733998596,0.361019650785781,2026-05-17 17:31:03,2026-05-17 17:32:22
"81","43","2026-05-17 18:30:53","Collar_43_2026-05-17 18:30:53",2026-05-17 18:31:42.5,111.318701184233,-0.16831200634566,4.17321188940885e-60,0.968078772443996,0.47329436551956,174.727879155141,-0.109206531588972,0.00340592444293813,3761.88218868858,0.186036444363406,1.13233083135485e-46,0.929480733670951,0.703469762766962,81.8786810010779,0.97898427479422,0.389048941460598,174.939755456376,TRUE,-0.108627569754045,0.0036491701776577,0.751945215080679,2026-05-17 18:31:03,2026-05-17 18:32:22
"82","43","2026-05-17 19:30:53","Collar_43_2026-05-17 19:30:53",2026-05-17 19:31:42.5,83.2648585985339,-0.202322841287197,1.79642828703489e-62,0.972239030619897,0.397176599190371,197.60212463728,-0.0958408195803287,0.00392937520662522,3706.10112863475,0.214628070662564,3.03260845021944e-38,0.884086191987354,0.81158484010364,59.0975910624209,0.980478035606002,0.337418276440617,197.802673643046,TRUE,-0.0944005795408622,0.00401994482529509,1.00525857305089,2026-05-17 19:31:03,2026-05-17 19:32:22
"83","43","2026-05-17 20:30:53","Collar_43_2026-05-17 20:30:53",2026-05-17 20:31:42.5,139.265208905107,-0.0817686943722202,5.37642254585463e-48,0.934776636429919,0.563621656972656,137.245352813155,-0.0913175608629592,0.00269460225942183,3730.99026739391,0.147183013515119,2.00671172472032e-48,0.936402793872997,0.556551163698622,108.833443419068,0.957588452445802,0.460435331297233,138.517012159353,TRUE,-0.0887276065349044,0.0026678709051631,0.51659365931605,2026-05-17 20:31:03,2026-05-17 20:32:22
"84","43","2026-05-17 21:30:53","Collar_43_2026-05-17 21:30:53",2026-05-17 21:31:42.5,97.9748469908499,-0.304315079305365,6.10904443262637e-57,0.961522268099481,0.435423205114172,188.624304610627,-0.0890659870529153,0.00371496425965642,3707.47381083996,0.202916639339015,9.9252333661943e-38,0.880514156249759,0.767299765515002,102.045837567008,0.961488108490948,0.441311015642817,189.896192870257,TRUE,-0.0856283504034538,0.00368309005551169,0.679799793874725,2026-05-17 21:31:03,2026-05-17 21:32:22
"85","43","2026-05-17 22:30:52","Collar_43_2026-05-17 22:30:52",2026-05-17 22:31:41.5,NA,NA,NA,NA,NA,152.034290074608,-0.0550407950118787,0.00295554027026508,3677.00119737877,0.161435819339156,1.9467321630191e-30,0.81638989153272,0.610446076419127,149.388223135531,0.831027040874937,0.593264174248084,152.878038613027,TRUE,-0.0574276894256993,0.00261849859944716,0.478877766887643,2026-05-17 22:31:02,2026-05-17 22:32:21
"86","43","2026-05-17 23:30:52","Collar_43_2026-05-17 23:30:52",2026-05-17 23:31:41.5,181.454613016166,-0.095863830795582,3.37006271577737e-36,0.869232306501675,0.733675608842933,181.571843593443,-0.0808743389077219,0.00355477288883029,3695.03083551795,0.194166758493014,3.56865379110838e-36,0.869040541378908,0.734213363417615,155.787938941214,0.909749513211597,0.617474647731371,181.583652326248,TRUE,-0.0812417629807908,0.00379018051938848,0.879001530834948,2026-05-17 23:31:02,2026-05-17 23:32:21
"87","43","2026-05-18 00:13:02","Collar_43_2026-05-18 00:13:02",2026-05-18 00:13:51.5,153.132503064914,-0.133802933078746,2.76324619782221e-45,0.923467101737056,0.614650487916723,164.905426534789,-0.0906942370860829,0.0032031223536453,3712.67965455284,0.174959105381405,8.64490428519541e-43,0.911333491664953,0.661582416164405,137.511466175541,0.9401131032008,0.550821090378171,164.918062919035,TRUE,-0.0910433735029667,0.00346205796466269,0.672511981925389,2026-05-18 00:13:12,2026-05-18 00:14:31
"88","43","2026-05-18 00:31:12","Collar_43_2026-05-18 00:31:12",2026-05-18 00:32:01.5,190.798183201715,-0.0464685527395839,8.35988202873509e-20,0.656943617667514,0.777796012275264,142.220432225263,-0.0512019928287144,0.00277970513398402,3694.83750585728,0.151831453741526,3.91415076334861e-30,0.813081456363347,0.574128564484237,109.083444973962,0.88249738533695,0.461155328331633,144.753019976917,TRUE,-0.0548366059514442,0.00246799451602827,0.476209299489209,2026-05-18 00:31:22,2026-05-18 00:32:41
"89","43","2026-05-18 01:31:11","Collar_43_2026-05-18 01:31:11",2026-05-18 01:32:00.5,180.732018160889,-0.121221498302194,4.55539891828028e-33,0.84274215686148,0.730369640820475,180.607913439271,-0.0723075409626316,0.00353342131549745,3705.07663410791,0.193000505145074,4.28736227099033e-33,0.842985923244656,0.729803345967493,173.912670341286,0.862634545755089,0.691537640406283,180.764772897918,TRUE,-0.0714208176951437,0.00370139989273477,0.761789106480534,2026-05-18 01:31:21,2026-05-18 01:32:40
"90","43","2026-05-18 02:31:11","Collar_43_2026-05-18 02:31:11",2026-05-18 02:32:00.5,165.158276083869,-0.451415185399363,9.58320308512373e-53,0.950713719495555,0.662628747808204,262.711314792964,-0.116495007107681,0.00590271769550655,3799.05446518618,0.322414848171353,4.60427923303965e-32,0.833156084062257,1.21916486595818,153.173758756377,0.959639996192963,0.607467930911685,265.662926598249,TRUE,-0.108303402137638,0.00529613343266444,1.07071448440501,2026-05-18 02:31:21,2026-05-18 02:32:40
"91","43","2026-05-18 03:31:11","Collar_43_2026-05-18 03:31:11",2026-05-18 03:32:00.5,142.509121863884,-0.215067075925303,2.41827990449746e-54,0.955148516319467,0.575165405643279,216.377353771633,-0.109375938156632,0.0044186119788181,3810.92788554054,0.241350880012991,1.09245430537932e-38,0.887076616372929,0.912633257893705,138.466010975297,0.959438563196754,0.554117058615372,217.119166554089,TRUE,-0.106280133140738,0.00466471349333195,0.960521459715535,2026-05-18 03:31:21,2026-05-18 03:32:40
"92","43","2026-05-18 04:31:11","Collar_43_2026-05-18 04:31:11",2026-05-18 04:32:00.5,192.26653211903,-0.242309138978115,3.47474728172171e-40,0.896618014450695,0.784966840519315,241.033156920577,-0.0939415738835113,0.00515477971630627,3861.15476488866,0.281561410408436,7.71244755491076e-30,0.809811908845923,1.06468353156353,196.260522018756,0.896625780860209,0.795198409797287,241.838031558987,TRUE,-0.0929894613739208,0.00505896960387493,0.717206626236808,2026-05-18 04:31:21,2026-05-18 04:32:40
"93","43","2026-05-18 05:31:11","Collar_43_2026-05-18 05:31:11",2026-05-18 05:32:00.5,222.099125971718,-0.110039670320843,2.6350628717256e-25,0.751670857827243,0.945860586940495,207.462844786375,-0.0722834240993852,0.00417915859692026,3887.01487483725,0.228271595223972,2.04510371224986e-28,0.793189784869729,0.863175844325213,206.219362131337,0.806310181767639,0.846266571485274,207.495731202405,TRUE,-0.0721421934728234,0.00449279928636256,0.960034728779995,2026-05-18 05:31:21,2026-05-18 05:32:40
"94","43","2026-05-18 06:31:12","Collar_43_2026-05-18 06:31:12",2026-05-18 06:32:01.5,200.884179945835,-0.183490416026927,8.00557791648735e-36,0.866304450705415,0.828404676256352,217.484845848273,-0.088549722067277,0.00444930293598172,3902.768730624,0.243027263808488,2.6650291077031e-32,0.835473192807029,0.918972259453103,200.951936131335,0.872717102680096,0.818859889226176,217.862572053984,TRUE,-0.0860517460506231,0.00498064052669168,0.920810297333402,2026-05-18 06:31:22,2026-05-18 06:32:41
"95","43","2026-05-18 07:31:12","Collar_43_2026-05-18 07:31:12",2026-05-18 07:32:01.5,207.507921122489,-0.14435247264874,6.67351468765542e-37,0.874541382570045,0.863419058611662,232.18797920825,-0.0949158293454598,0.00487754502096371,3879.13556189937,0.266418456464569,1.15028354499556e-31,0.829202834006461,1.00742265316449,208.403429963746,0.879316692257548,0.857897673091586,232.268866461339,TRUE,-0.0938067929602,0.00501792346841381,1.20146874318192,2026-05-18 07:31:22,2026-05-18 07:32:41
"96","43","2026-05-18 08:31:11","Collar_43_2026-05-18 08:31:11",2026-05-18 08:32:00.5,216.942878171469,-0.206109411449953,1.67264405272931e-32,0.837421871803703,0.915864692673591,242.172685318567,-0.0856224288915749,0.00519162337350028,3860.34669666206,0.283573863443303,3.80844831267143e-27,0.777142787326453,1.07229333008372,220.529033324119,0.838260726717438,0.92544051006259,242.294587356396,TRUE,-0.0844407290258408,0.00554634758181148,1.07984653170148,2026-05-18 08:31:21,2026-05-18 08:32:40
"97","44","2026-05-17 10:33:53","Collar_44_2026-05-17 10:33:53",2026-05-17 10:34:42.5,194.18087266611,-0.321990005451373,2.34161617630625e-57,0.962456363943449,0.794415086753994,227.777293413915,-0.170231683741053,0.00474492315787161,3760.48453677798,0.259174461400128,3.06796916019621e-50,0.942862585686179,0.980030539178946,179.669829372126,0.970211695695042,0.716873809030308,228.06262589096,TRUE,-0.168854007095627,0.00499143931986525,0.8978245913625,2026-05-17 10:34:03,2026-05-17 10:35:22
"98","44","2026-05-17 11:33:54","Collar_44_2026-05-17 11:33:54",2026-05-17 11:34:43.5,NA,NA,NA,NA,NA,225.003814973692,-0.115543613411128,0.00466338228615424,3768.10521986047,0.254720582842708,1.02342455965791e-38,0.887265154126257,0.963188845053358,214.01828826957,0.906522620094563,0.888538248137236,225.393018447488,TRUE,-0.118113561099259,0.00471872109762012,0.994554456750969,2026-05-17 11:34:04,2026-05-17 11:35:23
"99","44","2026-05-17 12:33:55","Collar_44_2026-05-17 12:33:55",2026-05-17 12:34:44.5,NA,NA,NA,NA,NA,197.272293567752,-0.113684699597922,0.00392128336226491,3752.98054889385,0.214186082597839,1.6014703623106e-43,0.915080698359077,0.809913526506449,183.7599153823,0.931775981125781,0.735435517179675,198.083306874899,TRUE,-0.11660821795348,0.00394293449787061,0.800159037377772,2026-05-17 12:34:05,2026-05-17 12:35:24
"100","44","2026-05-17 13:33:54","Collar_44_2026-05-17 13:33:54",2026-05-17 13:34:43.5,445.27155554048,-3.56577533379016,8.09618257313065e-48,0.934089008929936,3.8158658292399,545.169722600864,-0.557781721665101,0.0344937421287571,4052.41235950188,1.88409732685863,1.25670852110056e-26,0.77024068604758,7.12444007458044,399.711806695102,0.964525704950211,2.83603487497042,552.723188504386,TRUE,-0.47597676594249,0.0210303330857477,4.84811270701174,2026-05-17 13:34:04,2026-05-17 13:35:23
"101","44","2026-05-17 14:33:55","Collar_44_2026-05-17 14:33:55",2026-05-17 14:34:44.5,231.890078834188,-0.12487680053506,1.76917281606267e-43,0.914863824057437,1.00554870083293,133.226291916945,-0.145522165394423,0.00262775922740372,3747.60548899794,0.143531951897208,2.21469116394258e-64,0.975197245687492,0.542745205092024,118.99180401665,0.980252565005064,0.490616207852419,133.282480610549,TRUE,-0.145354948368142,0.00265624553680583,0.562290085450645,2026-05-17 14:34:05,2026-05-17 14:35:24
"102","44","2026-05-17 15:33:55","Collar_44_2026-05-17 15:33:55",2026-05-17 15:34:44.5,NA,NA,NA,NA,NA,203.654573314154,-0.103866931921791,0.00408086198514501,3712.27413335111,0.22290249427825,1.57769166901211e-39,0.892534553241945,0.842873369820913,150.031761909403,0.947705864762456,0.595655157552942,208.412471236509,TRUE,-0.111426478295817,0.0027281917092655,0.560660431377974,2026-05-17 15:34:05,2026-05-17 15:35:24
"103","44","2026-05-17 16:33:54","Collar_44_2026-05-17 16:33:54",2026-05-17 16:34:43.5,203.604404782501,-0.123210030368746,4.64462645059381e-44,0.917730609536007,0.842609125504587,81.9577930697112,-0.124481106086146,0.0019073280967241,3704.26445275693,0.104180977380366,7.90295269048141e-70,0.982017187047584,0.393945216988959,65.8425523524542,0.986015131036691,0.351946559747776,81.993355210362,TRUE,-0.124601458828051,0.00184225753135065,0.363529976674221,2026-05-17 16:34:04,2026-05-17 16:35:23
"104","44","2026-05-17 17:33:55","Collar_44_2026-05-17 17:33:55",2026-05-17 17:34:44.5,NA,NA,NA,NA,NA,153.619583510738,-0.117408034888977,0.00298496956466081,3760.44950779665,0.163043289317199,3.40698001366675e-53,0.952002684052137,0.616524490398592,89.2085750327395,0.979590356992375,0.407286548028325,161.81984066528,TRUE,-0.124894109600971,0.00170320992627165,0.252143200412991,2026-05-17 17:34:05,2026-05-17 17:35:24
"105","44","2026-05-17 18:33:55","Collar_44_2026-05-17 18:33:55",2026-05-17 18:34:44.5,NA,NA,NA,NA,NA,218.275116822992,-0.117340871333829,0.00447133326577685,3748.64024316495,0.244230591801197,1.85642244918935e-40,0.898264125643663,0.923522469281391,138.783030560604,0.964172028704385,0.555216059271455,225.802077833663,TRUE,-0.127933105530067,0.00294453240452351,0.570008529338259,2026-05-17 18:34:05,2026-05-17 18:35:24
"106","44","2026-05-17 19:33:54","Collar_44_2026-05-17 19:33:54",2026-05-17 19:34:43.5,NA,NA,NA,NA,NA,149.138602354121,-0.131093942396697,0.00290253188088761,3695.12062168859,0.1585404256079,1.10593481618726e-57,0.963171259517082,0.599497566044109,111.799543053929,0.978033022774077,0.469050546202633,150.124638493496,TRUE,-0.133554697171962,0.00261142361898438,0.497456644017409,2026-05-17 19:34:04,2026-05-17 19:35:23
"107","44","2026-05-17 20:33:54","Collar_44_2026-05-17 20:33:54",2026-05-17 20:34:43.5,NA,NA,NA,NA,NA,294.375538069488,-0.123857128392735,0.00719448144878914,3750.30899966481,0.39297282432273,2.73208211255115e-28,0.791653306164556,1.48596959292645,202.41250671662,0.937218176459518,0.826369128045024,305.770406167637,TRUE,-0.145168301888126,0.00319418632541642,0.652172759747764,2026-05-17 20:34:04,2026-05-17 20:35:23
"108","44","2026-05-17 21:33:54","Collar_44_2026-05-17 21:33:54",2026-05-17 21:34:43.5,NA,NA,NA,NA,NA,126.394608311361,-0.172067773758155,0.00251792073481106,3702.97735657223,0.137532416981351,2.32194636004713e-71,0.983571959285997,0.520058836201178,100.297594196792,0.988722867553802,0.436515269657573,126.414932944549,TRUE,-0.172421524859406,0.00268499708765198,0.593897986325595,2026-05-17 21:34:04,2026-05-17 21:35:23
"109","44","2026-05-17 22:33:53","Collar_44_2026-05-17 22:33:53",2026-05-17 22:34:42.5,215.548186483568,-0.180611580076736,1.28147357112996e-54,0.955872511845767,0.907915956404817,170.521299021008,-0.182473684502246,0.00331754573342622,3673.44049606093,0.181209073366051,3.71980312186427e-64,0.9748653641532,0.685215761289359,115.552117687243,0.987973265551477,0.480181486115943,170.586532508412,TRUE,-0.182742730943191,0.00367632373971878,0.693664237222975,2026-05-17 22:34:03,2026-05-17 22:35:22
"110","44","2026-05-17 23:33:53","Collar_44_2026-05-17 23:33:53",2026-05-17 23:34:42.5,NA,NA,NA,NA,NA,174.664197128993,-0.162737106390695,0.00340456911161659,3695.25309985203,0.185962414236133,1.54745279561304e-59,0.966988368911511,0.703189828605413,153.595490078532,0.975868908362406,0.609071219559636,175.402084915073,TRUE,-0.16523219352273,0.00309445725675376,0.55023546061724,2026-05-17 23:34:03,2026-05-17 23:35:22
"111","44","2026-05-18 00:16:02","Collar_44_2026-05-18 00:16:02",2026-05-18 00:16:51.5,NA,NA,NA,NA,NA,336.172161760236,-0.0957020542753066,0.00934221302505125,3703.11617335736,0.51028498217851,4.29382664561563e-16,0.573631784577886,1.92956845947584,247.17290235435,0.866671956246169,1.09312301807114,348.509439955892,TRUE,-0.124683220950071,0.0044415750520121,0.865689212973182,2026-05-18 00:16:12,2026-05-18 00:17:31
"112","44","2026-05-18 00:34:14","Collar_44_2026-05-18 00:34:14",2026-05-18 00:35:03.5,NA,NA,NA,NA,NA,208.465653453117,-0.126501609000433,0.00420543395490139,3703.5696791181,0.229706792702683,1.13997847999486e-44,0.920637927583713,0.868602834898632,130.812246033442,0.971401536745952,0.528234297571128,218.037933426934,TRUE,-0.13761362093089,0.00227478101879788,0.509660463312608,2026-05-18 00:34:24,2026-05-18 00:35:43
"113","44","2026-05-18 01:34:13","Collar_44_2026-05-18 01:34:13",2026-05-18 01:35:02.5,NA,NA,NA,NA,NA,288.554786471871,-0.114387925645733,0.00693745206296734,3730.03705245548,0.378933513164685,3.86442624073092e-27,0.777059688351576,1.43288197924109,205.281162705686,0.92511274036035,0.84131879933197,299.238062497861,TRUE,-0.134119970459274,0.00408845389363064,0.835780502281671,2026-05-18 01:34:23,2026-05-18 01:35:42
"114","44","2026-05-18 02:34:13","Collar_44_2026-05-18 02:34:13",2026-05-18 02:35:02.5,NA,NA,NA,NA,NA,363.817620411967,-0.0772144271912087,0.0111042429311645,3789.37716643213,0.606529565429604,9.65244977459502e-10,0.382679444477234,2.29350335609747,254.992808454691,0.849332069642061,1.14787587224687,375.268171819828,TRUE,-0.110036141899851,0.0059580319277319,1.23097107554504,2026-05-18 02:34:23,2026-05-18 02:35:42
"115","44","2026-05-18 03:34:12","Collar_44_2026-05-18 03:34:12",2026-05-18 03:35:01.5,NA,NA,NA,NA,NA,224.90545648769,-0.150460893138846,0.0046605163970004,3814.89159002797,0.254564043895044,6.88507564783738e-47,0.930373771526679,0.962596915785123,188.940095095946,0.957751268704809,0.759635708406845,225.217885156948,TRUE,-0.152996248201276,0.00401844324524478,0.704035076759017,2026-05-18 03:34:22,2026-05-18 03:35:41
"116","44","2026-05-18 04:34:13","Collar_44_2026-05-18 04:34:13",2026-05-18 04:35:02.5,NA,NA,NA,NA,NA,277.866337772077,-0.0979700920159058,0.00648915138490173,3857.24172309011,0.354446691583557,7.39123943257412e-25,0.745043970561132,1.34028862406524,220.910521573983,0.880997631742056,0.927649671923415,281.34268000164,TRUE,-0.108601101765352,0.00530860880231403,1.02320749001714,2026-05-18 04:34:23,2026-05-18 04:35:42
"117","44","2026-05-18 05:34:13","Collar_44_2026-05-18 05:34:13",2026-05-18 05:35:02.5,NA,NA,NA,NA,NA,306.938707866385,-0.0986193530752537,0.00778216111521132,3878.96987263199,0.425072724774879,1.26176742356982e-20,0.673082059340425,1.60735069883388,242.814457166132,0.860487240970391,1.06374794736017,312.04109821573,TRUE,-0.113902062693854,0.00570880259208274,1.22884093342029,2026-05-18 05:34:23,2026-05-18 05:35:42
"118","44","2026-05-18 06:34:14","Collar_44_2026-05-18 06:34:14",2026-05-18 06:35:03.5,NA,NA,NA,NA,NA,314.031807168102,-0.108520649094907,0.00813492034154732,3895.8300042857,0.44434093617634,8.01992489802452e-22,0.695262816244097,1.68021063845437,245.075432111763,0.87757543745549,1.07888657976771,318.693573367346,TRUE,-0.123937310473447,0.00589748370967965,1.19457004517815,2026-05-18 06:34:24,2026-05-18 06:35:43
"119","44","2026-05-18 07:34:13","Collar_44_2026-05-18 07:34:13",2026-05-18 07:35:02.5,NA,NA,NA,NA,NA,271.868365145573,-0.11136117598565,0.0062503935884453,3874.64179263398,0.341405400662118,3.21149793304379e-29,0.802748169828275,1.29097487878231,224.021716690359,0.896827934586336,0.945864309091905,274.267380645212,TRUE,-0.119601393596588,0.00515957095207545,1.19351892890191,2026-05-18 07:34:23,2026-05-18 07:35:42
"120","44","2026-05-18 08:34:13","Collar_44_2026-05-18 08:34:13",2026-05-18 08:35:02.5,NA,NA,NA,NA,NA,297.192452306846,-0.105999319953184,0.00732226700874958,3853.57779549713,0.399952653621445,8.36183990229694e-24,0.728755285016473,1.51236280248129,244.725367224236,0.866088001419438,1.07652865823061,301.566051714002,TRUE,-0.119226923877768,0.00553083275151531,1.26427377463294,2026-05-18 08:34:23,2026-05-18 08:35:42
"121","45","2026-05-17 09:42:56","Collar_45_2026-05-17 09:42:56",2026-05-17 09:43:45.5,184.214582053978,-0.235057074210753,1.37301117006003e-47,0.933191069191861,0.746441156192939,245.793063757539,-0.114232036165434,0.00531043526254308,3791.38536661158,0.290063538054685,1.56052752456561e-34,0.855747131957633,1.09683309096189,183.592827496563,0.936941375938156,0.73466790327338,246.362615161461,TRUE,-0.110657388218569,0.00565029981839286,1.10856881310455,2026-05-17 09:43:06,2026-05-17 09:44:25
"122","45","2026-05-17 10:42:56","Collar_45_2026-05-17 10:42:56",2026-05-17 10:43:45.5,169.276985295353,-0.276904127711144,4.81623361888223e-57,0.961756032255969,0.679907532880338,255.377582834476,-0.140076059600892,0.00563826867841613,3756.44484264266,0.30797026618513,8.48609796343864e-39,0.887804452237926,1.16454477956657,169.379657131993,0.963574494137963,0.672220391331723,256.566468289474,TRUE,-0.134990823168255,0.00562418637848914,1.144160142273,2026-05-17 10:43:06,2026-05-17 10:44:25
"123","45","2026-05-17 11:42:55","Collar_45_2026-05-17 11:42:55",2026-05-17 11:43:44.5,172.494524013492,-0.181483121674348,1.84442108329781e-48,0.93654004916625,0.693718615316523,220.600078296964,-0.11072596780329,0.00453678060701477,3771.63838850405,0.247805418800717,2.90296527128156e-38,0.884215762225355,0.93704015776383,170.880406956306,0.940840774379355,0.67855527094311,220.720071272038,TRUE,-0.109366761260196,0.00505703843624251,0.998553507875461,2026-05-17 11:43:05,2026-05-17 11:44:24
"124","45","2026-05-17 12:42:56","Collar_45_2026-05-17 12:42:56",2026-05-17 12:43:45.5,131.087303321014,-0.302281735296272,1.26369494178954e-60,0.969041373240701,0.535537703546482,217.649400494068,-0.124060876124897,0.00445388124907823,3776.23977971785,0.243277337791022,2.76723710087458e-42,0.908651861305146,0.919917877854754,129.912748148975,0.970980449652378,0.525272969252546,218.709011555272,TRUE,-0.120025854812863,0.00445212719335388,0.907665470401989,2026-05-17 12:43:06,2026-05-17 12:44:25
"125","45","2026-05-17 13:42:55","Collar_45_2026-05-17 13:42:55",2026-05-17 13:43:44.5,109.830157482459,-0.174101091717839,4.60978663662574e-40,0.895867099834668,0.468911538804774,104.098260434569,-0.0590464534882797,0.00219039366081841,3813.74188607548,0.119642421680757,2.80828780493548e-41,0.903067073838644,0.452410420359457,98.732566460712,0.913776041337341,0.432266343157261,105.312102525272,TRUE,-0.0571548934598383,0.00213397736415137,0.401986233650429,2026-05-17 13:43:05,2026-05-17 13:44:24
"126","45","2026-05-17 14:42:58","Collar_45_2026-05-17 14:42:58",2026-05-17 14:43:47.5,72.4136967362938,-0.270783915359429,4.68517580056864e-74,0.985988220863126,0.371133284080287,215.287092054707,-0.128341523374535,0.00438860530792373,3755.66027873251,0.239711872908195,8.61286364303802e-44,0.916419036547356,0.906435590855242,70.962763592269,0.986911137490398,0.363391463638335,216.599759016014,TRUE,-0.124183851553687,0.00398394456033876,0.917009435021532,2026-05-17 14:43:08,2026-05-17 14:44:27
"127","45","2026-05-17 15:42:59","Collar_45_2026-05-17 15:42:59",2026-05-17 15:43:48.5,54.4299854027082,-0.346395332960224,8.96184207754675e-78,0.988749632688527,0.331677482508292,214.579879738171,-0.128022576645066,0.00436925014180914,3716.86826632564,0.238654666166135,7.50063959195125e-44,0.916714500597461,0.902437917288767,64.258557393144,0.987899365032163,0.348479490151062,217.59179514201,TRUE,-0.121766283079518,0.00387237917485642,0.777544203392015,2026-05-17 15:43:09,2026-05-17 15:44:28
"128","45","2026-05-17 16:42:55","Collar_45_2026-05-17 16:42:55",2026-05-17 16:43:44.5,NA,NA,NA,NA,NA,103.405755810309,-0.0800087707001364,0.00218093378661256,3723.34095029829,0.119125709877291,5.93255412472511e-51,0.945218182637474,0.450456549809805,96.8273090984961,0.952003516152646,0.427149502472719,103.580252738753,TRUE,-0.0808501533661477,0.00186996415925558,0.35570190799552,2026-05-17 16:43:05,2026-05-17 16:44:24
"129","45","2026-05-17 17:42:57","Collar_45_2026-05-17 17:42:57",2026-05-17 17:43:46.5,132.750439904113,-0.10239197508226,1.1146592960011e-49,0.940942375793011,0.541133438048785,86.4889337869358,-0.0936243357746534,0.0019621150330426,3761.13387301243,0.107173517878847,1.76592806502339e-59,0.966876439648593,0.405261073738106,64.2164819659625,0.976148689235339,0.348387862053049,86.6545250035484,TRUE,-0.0943616483037231,0.00196042675357215,0.378574958521623,2026-05-17 17:43:07,2026-05-17 17:44:26
"130","45","2026-05-17 18:43:00","Collar_45_2026-05-17 18:43:00",2026-05-17 18:43:49.5,104.526109032572,-0.119444720484983,3.75587508348854e-61,0.96998931294519,0.453621809072327,156.839654641618,-0.108688741501291,0.00304565198634104,3711.15493754071,0.166357849623479,4.53510507824106e-50,0.942287552768493,0.629058018225972,80.8676336877851,0.97876135049817,0.386598274509725,156.862808051724,TRUE,-0.108231237069102,0.00323637708174128,0.720952412755489,2026-05-17 18:43:10,2026-05-17 18:44:29
"131","45","2026-05-17 19:43:00","Collar_45_2026-05-17 19:43:00",2026-05-17 19:43:49.5,NA,NA,NA,NA,NA,163.99868562614,-0.11072236704359,0.00318502117998978,3708.77149217602,0.173970393493606,3.10786157867644e-49,0.939370308594316,0.657843745929468,129.24924870854,0.962646867801276,0.523099239948308,164.481599476685,TRUE,-0.112719177763086,0.00320872151176071,0.572049161510827,2026-05-17 19:43:10,2026-05-17 19:44:29
"132","45","2026-05-17 20:43:00","Collar_45_2026-05-17 20:43:00",2026-05-17 20:43:49.5,125.487791571213,-0.235345466036169,1.58455414731613e-60,0.968861313328228,0.517119685175895,153.405896871866,-0.122510788100895,0.00298098567486922,3727.51765879487,0.162825683582257,1.29881220460657e-54,0.955857311527866,0.615701645953998,67.693453529574,0.985617362282854,0.356041564243937,153.423535986406,TRUE,-0.122848196867596,0.00309662966695728,0.752248910077376,2026-05-17 20:43:10,2026-05-17 20:44:29
"133","45","2026-05-17 21:42:55","Collar_45_2026-05-17 21:42:55",2026-05-17 21:43:44.5,128.209097802401,-0.260322369287313,2.73578175968062e-66,0.97783919299977,0.525990162996157,219.596855062574,-0.145743942237971,0.00450842332883134,3709.07939954158,0.246256503875136,6.25243812020828e-47,0.930545473466408,0.931183161200746,95.7163989093824,0.985956403285576,0.42419399507761,219.599610584027,TRUE,-0.145897041760575,0.00464802974779929,1.26040754313543,2026-05-17 21:43:05,2026-05-17 21:44:24
"134","45","2026-05-17 22:42:57","Collar_45_2026-05-17 22:42:57",2026-05-17 22:43:46.5,199.660050772569,-0.136907180466405,1.39073283158911e-48,0.936997415140003,0.822090895243656,191.878439669117,-0.135986518400446,0.00379129406090585,3687.8995839945,0.207085881804993,3.12189885422373e-50,0.942837069719306,0.783065149649791,147.19225000067,0.968896254518423,0.585177345198527,192.052415565604,TRUE,-0.134858756898088,0.00388433890692147,0.886221747662667,2026-05-17 22:43:07,2026-05-17 22:44:26
"135","45","2026-05-18 00:25:07","Collar_45_2026-05-18 00:25:07",2026-05-18 00:25:56.5,201.833929259695,-0.144182592950642,8.66466782635801e-48,0.933974323572882,0.833336654552052,190.47223857154,-0.134645348267953,0.00375811929523585,3706.94734185404,0.20527382885102,3.39079751806914e-50,0.942715930289489,0.776213134895292,153.085998945732,0.965852322523837,0.60713482683245,190.932714314574,TRUE,-0.133031585616333,0.00387556897207747,0.69529367876277,2026-05-18 00:25:17,2026-05-18 00:26:36
"136","45","2026-05-18 00:43:18","Collar_45_2026-05-18 00:43:18",2026-05-18 00:44:07.5,NA,NA,NA,NA,NA,193.033797605002,-0.12032656980211,0.00381877002882511,3717.68226952181,0.208586658308636,4.00907939935232e-46,0.927159488293795,0.78874011777013,181.694600111858,0.939868591366671,0.72600336054965,193.31404120786,TRUE,-0.122270677712085,0.00337592923406202,0.635372539197792,2026-05-18 00:43:28,2026-05-18 00:44:47
"137","45","2026-05-18 01:43:18","Collar_45_2026-05-18 01:43:18",2026-05-18 01:44:07.5,NA,NA,NA,NA,NA,260.958126240513,-0.0968728137618667,0.00583839215354653,3745.15650083341,0.318901295446247,2.63568683503287e-27,0.779228849178732,1.20587887723453,225.972673408783,0.864386559685585,0.957468288815806,267.82756013362,TRUE,-0.110080044872279,0.00305881261093067,0.652534851012985,2026-05-18 01:43:28,2026-05-18 01:44:47
"138","45","2026-05-18 02:43:15","Collar_45_2026-05-18 02:43:15",2026-05-18 02:44:04.5,160.599434948895,-0.246572259471849,5.38858916223798e-57,0.961645813906884,0.644015064685924,211.729701204946,-0.135407460553355,0.0042921071361784,3817.43463692081,0.234441005318548,3.66762332332274e-46,0.927325395453943,0.886504571502807,143.044534542457,0.970704690386847,0.57020259862572,211.857512523356,TRUE,-0.134100826939308,0.00452735492131455,0.990186686185278,2026-05-18 02:43:25,2026-05-18 02:44:44
"139","45","2026-05-18 03:43:15","Collar_45_2026-05-18 03:43:15",2026-05-18 03:44:04.5,NA,NA,NA,NA,NA,277.408329953906,-0.123780512579718,0.00647060243328567,3832.07620705245,0.353433521425753,3.4768198164776e-31,0.824302327392407,1.33645746843876,258.814141018678,0.86753249275472,1.17562097264798,279.990223002627,TRUE,-0.132491625573085,0.00494667223088819,0.842763292443801,2026-05-18 03:43:25,2026-05-18 03:44:44
"140","45","2026-05-18 04:43:16","Collar_45_2026-05-18 04:43:16",2026-05-18 04:44:05.5,NA,NA,NA,NA,NA,199.263731286048,-0.116916169427327,0.00397039455659979,3845.35912573454,0.216868605984829,5.2519695847777e-44,0.917471253986549,0.820057098628136,186.132806392911,0.933379648562073,0.746423723502137,199.268229260979,TRUE,-0.117120294526051,0.00392664964858785,0.965629022615311,2026-05-18 04:43:26,2026-05-18 04:44:45
"141","45","2026-05-18 05:43:14","Collar_45_2026-05-18 05:43:14",2026-05-18 05:44:03.5,182.685150510076,-0.232305934271105,2.09992825149843e-54,0.955310460005361,0.73933995868826,230.972871923269,-0.143306192065547,0.00484064319427003,3869.48719373702,0.264402826128775,3.5807044864076e-44,0.91827695854096,0.99980084014286,174.09500526562,0.961818059040256,0.692326161263338,231.020230759126,TRUE,-0.142732381074163,0.00516980116600824,1.0785346933438,2026-05-18 05:43:24,2026-05-18 05:44:43
"142","45","2026-05-18 06:43:20","Collar_45_2026-05-18 06:43:20",2026-05-18 06:44:09.5,186.80466170137,-0.156166784895994,1.55932021469335e-50,0.943844806548179,0.758622876799092,222.187861201227,-0.130770525831397,0.0045820261277075,3892.01615157659,0.250276793587231,4.91278404858363e-43,0.912607526523917,0.946385302155974,177.078818368309,0.952698305106121,0.705358375553839,222.323712293202,TRUE,-0.129589081206802,0.00482236959374813,0.956428147234684,2026-05-18 06:43:30,2026-05-18 06:44:49
"143","45","2026-05-18 07:43:15","Collar_45_2026-05-18 07:43:15",2026-05-18 07:44:04.5,215.360819794145,-0.134049510621651,1.88779751257285e-41,0.904047901377465,0.906853371148212,195.587869315454,-0.120401436915795,0.00388021799749604,3883.01924540053,0.211943033881968,1.21562940567833e-45,0.92506004347205,0.801431763949503,182.932132474899,0.939145211930789,0.731640461834456,195.970844727864,TRUE,-0.118507072385107,0.00407134821092637,0.867390667396295,2026-05-18 07:43:25,2026-05-18 07:44:44
"144","45","2026-05-18 08:43:19","Collar_45_2026-05-18 08:43:19",2026-05-18 08:44:08.5,184.005869693443,-0.281755037096859,1.09356763339612e-54,0.956051457342521,0.745468094139229,263.544081734682,-0.142737021014391,0.00593352021235766,3842.93408041343,0.324097325515883,7.86646331536952e-38,0.88122307963952,1.22552690938718,182.584131199262,0.958931240076213,0.730050867313824,263.673927349716,TRUE,-0.141018732535215,0.00628859407463073,1.26618693040208,2026-05-18 08:43:29,2026-05-18 08:44:48
