LI-8250,LI-8250,LI-8250,LI-8250,CHAMBER,CHAMBER,CHAMBER,CHAMBER,CHAMBER,LI-8250,LI-7810,LI-7810,LI-7810,LI-7820,LI-7820,FLUX_LI-7810,FLUX_LI-7810,FLUX_LI-7810,FLUX_LI-7810,FLUX_LI-7810,FLUX_LI-7810,FLUX_LI-7810,FLUX_LI-7810,FLUX_LI-7810,FLUX_LI-7810,FLUX_LI-7810,FLUX_LI-7810,FLUX_LI-7810,FLUX_LI-7810,FLUX_LI-7810,FLUX_LI-7810,FLUX_LI-7810,FLUX_LI-7810,FLUX_LI-7810,FLUX_LI-7810,FLUX_LI-7810,FLUX_LI-7810,FLUX_LI-7810,FLUX_LI-7810,FLUX_LI-7810,FLUX_LI-7810,FLUX_LI-7810,FLUX_LI-7810,FLUX_LI-7810,FLUX_LI-7810,FLUX_LI-7810,FLUX_LI-7810,FLUX_LI-7810,FLUX_LI-7810,FLUX_LI-7810,FLUX_LI-7810,FLUX_LI-7820,FLUX_LI-7820,FLUX_LI-7820,FLUX_LI-7820,FLUX_LI-7820,FLUX_LI-7820,FLUX_LI-7820,FLUX_LI-7820,FLUX_LI-7820,FLUX_LI-7820,FLUX_LI-7820,FLUX_LI-7820,FLUX_LI-7820,FLUX_LI-7820,FLUX_LI-7820,FLUX_LI-7820,FLUX_LI-7820,FLUX_LI-7820,FLUX_LI-7820,FLUX_LI-7820,FLUX_LI-7820,FLUX_LI-7820,FLUX_LI-7820,FLUX_LI-7820,CHAMBER,CHAMBER
DATE,TIME,DOY,PORT,H,V,LATITUDE,LONGITUDE,TA,PA,CO2_DRY,CH4_DRY,H2O,N2O_DRY,H2O,FCH4,FCH4_dCdt,FCH4_CV,FCH4_R2,FCH4_SEI,FCH4_SES,FCH4_A,FCH4_Cx,FCH4_C0,FCH4_T0,FCH4_ITER,FCH4_N,FCO2,FCO2_dCdt,FCO2_CV,FCO2_R2,FCO2_SEI,FCO2_SES,FCO2_A,FCO2_Cx,FCO2_C0,FCO2_T0,FCO2_ITER,FCO2_N,FH2O,FH2O_dCdt,FH2O_CV,FH2O_R2,FH2O_SEI,FH2O_SES,FH2O_A,FH2O_Cx,FH2O_C0,FH2O_T0,FH2O_ITER,FH2O_N,FH2O,FH2O_dCdt,FH2O_CV,FH2O_R2,FH2O_SEI,FH2O_SES,FH2O_A,FH2O_Cx,FH2O_C0,FH2O_T0,FH2O_ITER,FH2O_N,FN2O,FN2O_dCdt,FN2O_CV,FN2O_R2,FN2O_SEI,FN2O_SES,FN2O_A,FN2O_Cx,FN2O_C0,FN2O_T0,FN2O_ITER,FN2O_N,SWC_1,TS_1
[YYYYMMDD],[HHMMSS],[#],[#],[#],[#],[degrees],[degrees],[C],[kPa],[umol+1mol-1],[nmol+1mol-1],[mmol+1mol-1],[nmol+1mol-1],[mmol+1mol-1],[nmol+1m-2s-1],[nmol+1mol-1s-1],[#],[#],[#],[#],[#],[nmol+1mol-1],[nmol+1mol-1],[s],[#],[#],[umol+1m-2s-1],[umol+1mol-1s-1],[#],[#],[#],[#],[#],[umol+1mol-1],[umol+1mol-1],[s],[#],[#],[mmol+1m-2s-1],[mmol+1mol-1s-1],[#],[#],[#],[#],[#],[mmol+1mol-1],[mmol+1mol-1],[s],[#],[#],[mmol+1m-2s-1],[mmol+1mol-1s-1],[#],[#],[#],[#],[#],[mmol+1mol-1],[mmol+1mol-1],[s],[#],[#],[nmol+1m-2s-1],[nmol+1mol-1s-1],[#],[#],[#],[#],[#],[nmol+1mol-1],[nmol+1mol-1],[s],[#],[#],[m+3m-3],[C]
20210812,233839,224.985,1,1,1,38.8736,-76.5521,25.27,101.717,-9999,-9999,-9999,-9999,-9999,-9999,-9999,-9999,-9999,-9999,-9999,-9999,-9999,-9999,-9999,0,0,-9999,-9999,-9999,-9999,-9999,-9999,-9999,-9999,-9999,-9999,0,0,-9999,-9999,-9999,-9999,-9999,-9999,-9999,-9999,-9999,-9999,0,0,-9999,-9999,-9999,-9999,-9999,-9999,-9999,-9999,-9999,-9999,0,0,-9999,-9999,-9999,-9999,-9999,-9999,-9999,-9999,-9999,-9999,0,0,0.318,25.6
20210813,000225,225.002,2,1,1,38.8736,-76.5523,25.24,101.759,855.08,1998.81,31.6241,304.077,31.8157,-1.48328,-0.169283,4.01177,0.907376,0,0.0065575,8.46916e-05,0,1998.81,-29.812,10,70,18.5861,2.12118,3.70414,0.904101,0,0.0753896,0.00117876,2654.58,855.08,-24.2189,2,70,-0.00567145,-0.000647267,4.05264,0.905566,0,2.5347e-05,2.04675e-05,0,31.6241,18.1558,10,70,-0.0114814,-0.0013106,4.32385,0.86583,0,5.49935e-05,4.11934e-05,0,31.8157,-7.56837,10,90,-0.00386777,-0.000441505,360.937,0.00112739,0,0.00159355,1.45195e-06,0,304.077,216.772,2,70,0.316,0.024
20210813,000529,225.004,3,1,1,38.8736,-76.5522,25.31,101.755,795.626,2005.83,31.5859,303.425,31.7363,-0.989673,-0.112977,5.71957,0.818816,0,0.00635335,5.63243e-05,0,2005.83,-2.69785,2,72,30.0134,3.4262,1.40964,0.931979,0,0.0324712,0.0323216,901.63,795.626,28.3158,5,72,-0.00257831,-0.00029433,3.69304,0.919249,0,1.04268e-05,9.3184e-06,0,31.5859,19.8919,10,72,-0.00599184,-0.000684111,3.04203,0.914395,0,1.95481e-05,0.000440242,30.1824,31.7363,28.4916,9,112,0.021361,0.00243887,54.5435,0.0393708,0,0.00133,0.00108361,305.676,303.425,-12.0699,2,72,0.318,25.6
20210813,000529,225.004,4,1,1,38.8736,-76.5522,25.31,101.755,-9999,-9999,-9999,-9999,-9999,-9999,-9999,-9999,-9999,-9999,-9999,-9999,-9999,-9999,-9999,0,0,-9999,-9999,-9999,-9999,-9999,-9999,-9999,-9999,-9999,-9999,0,0,-9999,-9999,-9999,-9999,-9999,-9999,-9999,-9999,-9999,-9999,0,0,-9999,-9999,-9999,-9999,-9999,-9999,-9999,-9999,-9999,-9999,0,0,-9999,-9999,-9999,-9999,-9999,-9999,-9999,-9999,-9999,-9999,0,0,0.318,25.6
20210813,003041,225.021,1,1,1,38.8736,-76.5522,25.26,101.78,831.753,2012.7,31.6396,306.492,31.7605,-1.34385,-0.153354,6.56076,0.804325,0,0.00993315,7.61929e-05,0,2012.7,8.79806,2,60,129.642,14.7942,1.27558,0.921601,0,0.108581,0.0770067,1023.87,831.753,38.1298,9,60,-0.0149181,-0.00170239,5.63682,0.848938,0,9.43025e-05,5.38056e-05,0,31.6396,18.576,2,60,-0.0282298,-0.00322185,4.97105,0.844455,0,0.000156593,0.000101442,0,31.7605,21.1395,2,80,0.0118693,0.00135463,177.619,0.0054355,0,0.00240605,1.35505e-09,1e+06,306.492,303.486,7,60,-9999,0.24308
20210813,003041,225.021,2,1,1,38.8736,-76.5522,25.26,101.78,-9999,-9999,-9999,-9999,-9999,-9999,-9999,-9999,-9999,-9999,-9999,-9999,-9999,-9999,-9999,0,0,-9999,-9999,-9999,-9999,-9999,-9999,-9999,-9999,-9999,-9999,0,0,-9999,-9999,-9999,-9999,-9999,-9999,-9999,-9999,-9999,-9999,0,0,-9999,-9999,-9999,-9999,-9999,-9999,-9999,-9999,-9999,-9999,0,0,-9999,-9999,-9999,-9999,-9999,-9999,-9999,-9999,-9999,-9999,0,0,-9999,0.24308
20210813,003536,225.025,3,1,1,38.8736,-76.5522,25.27,101.776,836.683,2018.79,31.538,306.537,31.6874,-1.13968,-0.130041,3.049,0.941271,0,0.00372563,6.44157e-05,0,2018.79,-6.86354,10,78,9.40501,1.07314,3.13658,0.937648,0,0.0317435,1.07404e-06,1e+06,836.683,-5.63751,10,78,-0.0033338,-0.000380398,3.90867,0.902655,0,1.43291e-05,1.20616e-05,0,31.538,9.567,10,78,-0.00693193,-0.000791079,4.20231,0.85924,0,3.22028e-05,0.000401628,29.7177,31.6874,30.8296,8,98,0.0225782,0.00257664,47.0622,0.0337792,0,0.00121233,0.00305241,307.381,306.537,-20.2775,2,78,0.318,25.5535
20210813,003840,225.027,4,1,1,38.8736,-76.5523,25.25,101.772,793.274,2049.38,31.5318,304.721,31.7422,-1.90715,-0.217615,1.31915,0.99623,0,0.00175661,0.000106186,0,2049.38,166.385,10,60,64.1672,7.32181,1.51869,0.942312,0,0.0808013,0.0408107,972.683,793.274,36.794,10,60,-0.00480296,-0.000548042,2.43253,0.972513,0,1.20428e-05,0.000676515,30.7217,31.5318,44.47,9,60,-0.0175595,-0.00200407,3.47007,0.921304,0,6.63248e-05,6.31357e-05,0,31.7422,37.3791,10,80,0.000619753,7.07324e-05,3247.89,1.6344e-05,0,0.00229731,7.0754e-11,1e+06,304.721,4142.78,2,60,0.318,25.4
20210813,003840,225.027,1,1,1,38.8736,-76.5523,25.25,101.772,-9999,-9999,-9999,-9999,-9999,-9999,-9999,-9999,-9999,-9999,-9999,-9999,-9999,-9999,-9999,0,0,-9999,-9999,-9999,-9999,-9999,-9999,-9999,-9999,-9999,-9999,0,0,-9999,-9999,-9999,-9999,-9999,-9999,-9999,-9999,-9999,-9999,0,0,-9999,-9999,-9999,-9999,-9999,-9999,-9999,-9999,-9999,-9999,0,0,-9999,-9999,-9999,-9999,-9999,-9999,-9999,-9999,-9999,-9999,0,0,0.318,25.4
20210813,010225,225.043,2,1,1,38.8737,-76.5523,25.43,101.772,833.137,2009.17,31.7364,301.701,32.0276,-1.37342,-0.156853,4.09575,0.903591,0,0.00621239,7.80685e-05,0,2009.17,-14.7503,10,70,16.8006,1.91872,3.92943,0.905836,0,0.0726889,0.000376806,5925.22,833.137,-18.2243,2,70,-0.00467151,-0.000533513,4.18733,0.899414,0,2.16354e-05,1.68108e-05,0,31.7364,37.6349,10,70,-0.0144549,-0.00165133,4.23528,0.870856,0,6.77834e-05,5.15596e-05,0,32.0276,5.3738,10,90,-0.0229421,-0.0026209,61.9152,0.0363197,0,0.00162251,0.000340037,293.993,301.701,-4.88502,6,70,0.316,0.024
20210813,010529,225.045,3,1,1,38.8737,-76.5522,25.46,101.761,838.13,2007.48,31.7058,302.008,31.911,-0.993297,-0.113456,5.71569,0.819024,0,0.00637585,5.65167e-05,0,2007.48,-0.656009,2,72,28.336,3.23659,1.45297,0.931548,0,0.0327284,0.0327121,937.072,838.13,30.5497,5,72,-0.00192923,-0.00022036,4.94392,0.859493,0,1.0649e-05,6.95014e-06,0,31.7058,42.9005,2,72,-0.00658008,-0.000751748,2.29075,0.956256,0,1.53307e-05,2.35576e-05,0,31.911,39.2278,2,112,0.0727981,0.00831689,18.5027,0.0183337,0,0.0015364,0.0237702,302.358,302.008,-0.176317,3,72,0.318,25.6
20210813,010529,225.045,4,1,1,38.8737,-76.5522,25.46,101.761,-9999,-9999,-9999,-9999,-9999,-9999,-9999,-9999,-9999,-9999,-9999,-9999,-9999,-9999,-9999,0,0,-9999,-9999,-9999,-9999,-9999,-9999,-9999,-9999,-9999,-9999,0,0,-9999,-9999,-9999,-9999,-9999,-9999,-9999,-9999,-9999,-9999,0,0,-9999,-9999,-9999,-9999,-9999,-9999,-9999,-9999,-9999,-9999,0,0,-9999,-9999,-9999,-9999,-9999,-9999,-9999,-9999,-9999,-9999,0,0,0.318,25.6
20210813,013041,225.063,1,1,1,38.8737,-76.5522,25.56,101.753,687.972,2042.52,31.8711,303.24,32.1039,-1.21721,-0.139114,5.47682,0.853202,0,0.00747947,0.000476714,1750.7,2042.52,29.8344,10,60,94.523,10.803,1.36848,0.928084,0,0.0956521,0.0654112,853.126,687.972,38.7267,8,60,-0.0115235,-0.00131702,5.4397,0.858158,0,7.03114e-05,4.13232e-05,0,31.8711,25.9421,1,60,-0.0308464,-0.00352627,5.20074,0.83167,0,0.000179663,0.000109839,0,32.1039,23.3703,2,80,0.0352521,0.0040299,68.0407,0.0359131,0,0.00274165,4.03113e-09,1e+06,303.24,119.438,6,60,-9999,0.24384
20210813,013041,225.063,2,1,1,38.8737,-76.5522,25.56,101.753,-9999,-9999,-9999,-9999,-9999,-9999,-9999,-9999,-9999,-9999,-9999,-9999,-9999,-9999,-9999,0,0,-9999,-9999,-9999,-9999,-9999,-9999,-9999,-9999,-9999,-9999,0,0,-9999,-9999,-9999,-9999,-9999,-9999,-9999,-9999,-9999,-9999,0,0,-9999,-9999,-9999,-9999,-9999,-9999,-9999,-9999,-9999,-9999,0,0,-9999,-9999,-9999,-9999,-9999,-9999,-9999,-9999,-9999,-9999,0,0,-9999,0.24384
20210813,013536,225.066,3,1,1,38.8736,-76.5522,25.77,101.741,652.523,2029.94,31.8634,302.691,32.0604,-1.1048,-0.126366,3.2017,0.934886,0,0.00382498,6.22511e-05,0,2029.94,-9.99294,10,78,9.30138,1.06389,3.17025,0.936234,0,0.0318487,1.06458e-06,1e+06,652.523,-2.7333,10,78,-0.00219462,-0.000251019,5.43891,0.821989,0,1.33991e-05,7.87799e-06,0,31.8634,31.1965,1,78,-0.00765318,-0.000875545,4.40605,0.850368,0,3.74796e-05,2.73093e-05,0,32.0604,37.8015,1,98,-0.00249404,-0.000285325,460.195,0.000621013,0,0.00131305,9.42628e-07,0,302.691,106.573,2,78,0.319,25.6
20210813,013840,225.069,4,1,1,38.8737,-76.5522,25.63,101.75,707.232,2046.05,31.9149,304.083,32.2124,-2.20858,-0.252492,5.07972,0.874662,0,0.0125524,0.000123405,0,2046.05,24.8409,2,60,75.607,8.64366,1.39264,0.938023,0,0.0797247,0.0556899,862.442,707.232,38.8444,9,60,-0.00845787,-0.000966933,3.27686,0.945934,0,3.00358e-05,0.000527391,30.0815,31.9149,39.7954,9,60,-0.121578,-0.0139034,1.21299,0.959892,0,8.60021e-05,0.0651074,31.9988,32.2124,39.5572,5,80,-0.0431899,-0.00493915,49.2037,0.0631335,0,0.0024297,0.000564668,295.336,304.083,46.1179,7,60,0.316368,25.6
20210813,013840,225.069,1,1,1,38.8737,-76.5522,25.63,101.75,-9999,-9999,-9999,-9999,-9999,-9999,-9999,-9999,-9999,-9999,-9999,-9999,-9999,-9999,-9999,0,0,-9999,-9999,-9999,-9999,-9999,-9999,-9999,-9999,-9999,-9999,0,0,-9999,-9999,-9999,-9999,-9999,-9999,-9999,-9999,-9999,-9999,0,0,-9999,-9999,-9999,-9999,-9999,-9999,-9999,-9999,-9999,-9999,0,0,-9999,-9999,-9999,-9999,-9999,-9999,-9999,-9999,-9999,-9999,0,0,0.316368,25.6
20210813,020225,225.085,2,1,1,38.8736,-76.5522,25.57,101.77,655.464,2038.68,31.9664,301.466,32.1891,-1.29463,-0.147954,3.83297,0.915317,0,0.00545692,7.25733e-05,0,2038.68,-10.0674,10,70,18.2162,2.0818,3.6914,0.907596,0,0.0737147,0.0010987,2550.24,655.464,-15.466,2,70,-0.00946646,-0.00108186,4.03965,0.906147,0,4.22207e-05,3.38435e-05,0,31.9664,11.0376,10,70,-0.0185135,-0.00211626,4.16927,0.874567,0,8.54259e-05,6.57446e-05,0,32.1891,-2.71918,10,90,-0.012691,-0.0014507,112.291,0.0115269,0,0.00162894,4.81216e-06,0,301.466,-249.779,7,70,0.316692,0.0230769
20210813,020529,225.087,3,1,1,38.8736,-76.5522,25.59,101.787,683.084,2051.89,31.8641,301.784,32.0279,-9.59873,-1.09671,1.21248,0.884941,0,0.00677902,0.0580421,2032.99,2051.89,27.3932,10,72,35.0942,4.00971,1.38963,0.925142,0,0.0368158,0.0354684,796.134,683.084,28.5658,5,72,-0.00477017,-0.000545019,2.64407,0.923512,0,1.32419e-05,0.00954261,31.807,31.8641,36.2459,10,72,-0.0139489,-0.00159401,1.39539,0.975349,0,1.47743e-05,0.0153271,31.9239,32.0279,39.2976,8,112,0.0091712,0.00104804,149.691,0.00633533,0,0.00156879,1.04836e-09,1e+06,301.784,231.196,10,72,0.318,25.6
20210813,020529,225.087,4,1,1,38.8736,-76.5522,25.59,101.787,-9999,-9999,-9999,-9999,-9999,-9999,-9999,-9999,-9999,-9999,-9999,-9999,-9999,-9999,-9999,0,0,-9999,-9999,-9999,-9999,-9999,-9999,-9999,-9999,-9999,-9999,0,0,-9999,-9999,-9999,-9999,-9999,-9999,-9999,-9999,-9999,-9999,0,0,-9999,-9999,-9999,-9999,-9999,-9999,-9999,-9999,-9999,-9999,0,0,-9999,-9999,-9999,-9999,-9999,-9999,-9999,-9999,-9999,-9999,0,0,0.318,25.6
20210813,023041,225.105,1,1,1,38.8737,-76.5522,25.52,101.788,640.063,2034.36,31.887,302.05,32.0941,-0.968651,-0.110655,6.34706,0.814791,0,0.00692784,5.4393e-05,0,2034.36,-0.959487,3,60,141.185,16.1284,1.24756,0.921346,0,0.110378,0.0798384,842.076,640.063,37.8031,9,60,-0.0168207,-0.00192153,5.51509,0.85465,0,0.000104061,6.02606e-05,0,31.887,21.6304,2,60,-0.0352898,-0.00403223,5.35548,0.822956,0,0.00021181,0.000125638,0,32.0941,20.3721,2,80,0.0221603,0.00253205,101.438,0.0164817,0,0.00256832,2.53281e-09,1e+06,302.05,286.632,6,60,-9999,0.24808
20210813,023041,225.105,2,1,1,38.8737,-76.5522,25.52,101.788,-9999,-9999,-9999,-9999,-9999,-9999,-9999,-9999,-9999,-9999,-9999,-9999,-9999,-9999,-9999,0,0,-9999,-9999,-9999,-9999,-9999,-9999,-9999,-9999,-9999,-9999,0,0,-9999,-9999,-9999,-9999,-9999,-9999,-9999,-9999,-9999,-9999,0,0,-9999,-9999,-9999,-9999,-9999,-9999,-9999,-9999,-9999,-9999,0,0,-9999,-9999,-9999,-9999,-9999,-9999,-9999,-9999,-9999,-9999,0,0,-9999,0.24808
20210813,023536,225.108,3,1,1,38.8737,-76.5522,25.54,101.786,630.216,2152.35,31.7773,301.059,31.9707,-1.22814,-0.140292,2.9442,0.945475,0,0.00386253,6.51807e-05,0,2152.35,-85.8543,10,78,9.58995,1.09547,3.1005,0.939152,0,0.0319852,1.09616e-06,1e+06,630.216,-7.32925,10,78,-0.00475998,-0.000543739,3.46203,0.923508,0,1.79496e-05,1.71109e-05,0,31.7773,20.5928,10,78,-0.0117325,-0.00134048,4.43066,0.848849,0,5.77227e-05,4.19285e-05,0,31.9707,36.4982,1,98,0.00329987,0.000377024,358.166,0.00292,0,0.00135037,6.97158e-05,306.467,301.059,-50,3,78,0.318637,25.6
20210813,023840,225.11,4,1,1,38.8737,-76.5522,25.48,101.774,639.958,2040.88,31.7681,300.667,32.0403,-6.65556,-0.760238,1.3868,0.933842,0,0.00694631,0.0532914,2026.62,2040.88,37.1577,6,60,68.4446,7.81815,1.42976,0.915466,0,0.0764367,0.0523869,789.197,639.958,35.6315,8,60,-0.0101071,-0.00115449,2.96198,0.956577,0,3.20046e-05,0.000533296,29.6032,31.7681,42.1523,9,60,-0.0329133,-0.00376061,4.25548,0.882835,0,0.000155148,0.000117371,0,32.0403,33.8087,10,80,-0.0441172,-0.00504074,55.3527,0.0716485,0,0.00278969,0.000992606,295.589,300.667,50,9,60,0.31521,25.6
20210813,023840,225.11,1,1,1,38.8737,-76.5522,25.48,101.774,-9999,-9999,-9999,-9999,-9999,-9999,-9999,-9999,-9999,-9999,-9999,-9999,-9999,-9999,-9999,0,0,-9999,-9999,-9999,-9999,-9999,-9999,-9999,-9999,-9999,-9999,0,0,-9999,-9999,-9999,-9999,-9999,-9999,-9999,-9999,-9999,-9999,0,0,-9999,-9999,-9999,-9999,-9999,-9999,-9999,-9999,-9999,-9999,0,0,-9999,-9999,-9999,-9999,-9999,-9999,-9999,-9999,-9999,-9999,0,0,0.31521,25.6
20210813,030225,225.127,2,1,1,38.8737,-76.5522,25.24,101.726,766.774,2077.81,31.6825,302.769,31.884,-1.51829,-0.173355,4.59164,0.880002,0,0.00775143,8.34315e-05,0,2077.81,-105.768,10,70,20.9243,2.38908,3.16323,0.899381,0,0.0713396,0.00392569,1375.35,766.774,-14.2241,3,70,-0.00703605,-0.000803358,3.89442,0.912636,0,3.01415e-05,2.53565e-05,0,31.6825,10.9014,10,70,-0.0132948,-0.00151828,4.2684,0.868997,0,6.2839e-05,4.7619e-05,0,31.884,-5.81245,10,90,-0.00593432,-0.000677706,257.009,0.00222067,0,0.00174175,2.23836e-06,0,302.769,335.708,4,70,0.315198,0.0239231
20210813,030529,225.129,3,1,1,38.8737,-76.5522,25.33,101.71,760.856,2190.64,31.6254,302.624,31.8052,-1.1723,-0.133894,5.39515,0.836092,0,0.00708726,6.11208e-05,0,2190.64,-4.61061,2,72,31.183,3.56154,1.38072,0.935349,0,0.0321864,0.033411,867.454,760.856,28.6744,5,72,-0.00150535,-0.000171932,6.88712,0.755057,0,1.17044e-05,5.43652e-06,0,31.6254,84.4028,1,72,-0.00546095,-0.000623834,2.615,0.940527,0,1.49572e-05,1.96142e-05,0,31.8052,54.3911,10,112,0.923792,0.10553,1.77325,0.0826536,0,0.00151271,0.462058,302.852,302.624,35.4806,8,72,0.318798,25.5595
20210813,030529,225.129,4,1,1,38.8737,-76.5522,25.33,101.71,-9999,-9999,-9999,-9999,-9999,-9999,-9999,-9999,-9999,-9999,-9999,-9999,-9999,-9999,-9999,0,0,-9999,-9999,-9999,-9999,-9999,-9999,-9999,-9999,-9999,-9999,0,0,-9999,-9999,-9999,-9999,-9999,-9999,-9999,-9999,-9999,-9999,0,0,-9999,-9999,-9999,-9999,-9999,-9999,-9999,-9999,-9999,-9999,0,0,-9999,-9999,-9999,-9999,-9999,-9999,-9999,-9999,-9999,-9999,0,0,0.318798,25.5595
20210813,033041,225.146,1,1,1,38.8737,-76.5522,25.27,101.737,704.651,2054.59,31.6861,301.644,31.8118,-30.5318,-3.48592,1.07217,0.902994,0,0.00855988,0.176474,2034.84,2054.59,38.5196,8,60,109.419,12.4928,1.32951,0.916685,0,0.102893,0.0774782,865.893,704.651,39.2896,8,60,-0.0699442,-0.00798575,1.37302,0.927587,0,7.12447e-05,0.0612173,31.5556,31.6861,37.6183,6,60,-0.136087,-0.0155395,1.17187,0.948572,0,8.28171e-05,0.0822095,31.6228,31.8118,38.294,9,80,0.00176521,0.000201566,1336.48,9.65173e-05,0,0.00269389,2.01627e-10,1e+06,301.644,770.88,5,60,-9999,0.245
20210813,033041,225.146,2,1,1,38.8737,-76.5522,25.27,101.737,-9999,-9999,-9999,-9999,-9999,-9999,-9999,-9999,-9999,-9999,-9999,-9999,-9999,-9999,-9999,0,0,-9999,-9999,-9999,-9999,-9999,-9999,-9999,-9999,-9999,-9999,0,0,-9999,-9999,-9999,-9999,-9999,-9999,-9999,-9999,-9999,-9999,0,0,-9999,-9999,-9999,-9999,-9999,-9999,-9999,-9999,-9999,-9999,0,0,-9999,-9999,-9999,-9999,-9999,-9999,-9999,-9999,-9999,-9999,0,0,-9999,0.245
20210813,033536,225.15,3,1,1,38.8736,-76.5522,25.25,101.749,697.415,2208.97,31.5494,301.704,31.7159,-1.44961,-0.165454,3.07117,0.940354,0,0.00477906,7.4901e-05,0,2208.97,-24.489,10,78,8.2077,0.936801,3.09949,0.9392,0,0.027341,9.37455e-07,1e+06,697.415,-0.868321,10,78,-0.00518811,-0.000592155,3.88144,0.903971,0,2.21379e-05,1.87691e-05,0,31.5494,14.283,10,78,-0.0107768,-0.00123024,3.90772,0.880151,0,4.63283e-05,3.87893e-05,0,31.7159,24.759,10,98,0.00999398,0.00114088,114.644,0.00991275,0,0.00130789,1.14122e-09,1e+06,301.704,232.267,5,78,0.319,25.4
20210813,033840,225.152,4,1,1,38.8736,-76.5521,25.23,101.752,701.064,2151.69,31.5202,301.203,31.7257,-17.5861,-2.00686,1.20384,0.916496,0,0.0120455,0.0639747,2120.32,2151.69,32.003,4,60,53.4011,6.09395,1.54953,0.93628,0,0.0698035,0.0408726,850.161,701.064,36.4258,10,60,-0.00653814,-0.00074611,4.31175,0.906039,0,3.1214e-05,0.000459881,29.8978,31.5202,35.9507,10,60,-0.0197246,-0.00225138,4.03411,0.894119,0,8.77318e-05,7.09639e-05,0,31.7257,28.4092,2,80,-0.0217209,-0.00247924,102.048,0.00859218,0,0.00252988,0.00665741,300.83,301.203,12.1237,3,60,0.316105,25.4
20210813,033840,225.152,1,1,1,38.8736,-76.5521,25.23,101.752,-9999,-9999,-9999,-9999,-9999,-9999,-9999,-9999,-9999,-9999,-9999,-9999,-9999,-9999,-9999,0,0,-9999,-9999,-9999,-9999,-9999,-9999,-9999,-9999,-9999,-9999,0,0,-9999,-9999,-9999,-9999,-9999,-9999,-9999,-9999,-9999,-9999,0,0,-9999,-9999,-9999,-9999,-9999,-9999,-9999,-9999,-9999,-9999,0,0,-9999,-9999,-9999,-9999,-9999,-9999,-9999,-9999,-9999,-9999,0,0,0.316105,25.4
20210813,040225,225.168,2,1,1,38.8737,-76.5522,25.09,101.737,689.506,2078.69,31.4253,301.445,31.6064,-1.5278,-0.174283,4.12413,0.902176,0,0.00695365,8.38426e-05,0,2078.69,-78.6547,10,70,16.3716,1.86757,3.98117,0.908785,0,0.0717505,1.86886e-06,1e+06,689.506,-17.5982,10,70,-0.00824135,-0.000940126,3.82996,0.915464,0,3.46436e-05,2.99162e-05,0,31.4253,14.5495,10,70,-0.0148428,-0.0016935,4.14459,0.875962,0,6.79265e-05,5.3581e-05,0,31.6064,2.66495,10,90,-0.0474536,-0.00541425,31.0287,0.0470798,0,0.00167902,0.0288964,301.258,301.445,36.4249,4,70,0.31545,0.0230769
20210813,040529,225.17,3,1,1,38.8736,-76.5522,25.13,101.73,667.937,2082.86,31.3516,301.535,31.5133,-0.942163,-0.107483,5.49631,0.830732,0,0.0058001,5.16037e-05,0,2082.86,8.05361,1,72,21.4723,2.44959,1.56573,0.932686,0,0.0285888,0.0295328,750.882,667.937,32.6802,5,72,-0.0053757,-0.000613267,2.35593,0.929389,0,1.29528e-05,0.0124981,31.3025,31.3516,36.1994,10,72,-0.00710586,-0.000810781,2.81642,0.92667,0,2.1209e-05,0.000571623,30.0949,31.5133,31.739,10,112,0.00970562,0.00110741,149.445,0.00635608,0,0.00165494,1.10775e-09,1e+06,301.535,473.523,6,72,0.31881,25.4
20210813,040529,225.17,4,1,1,38.8736,-76.5522,25.13,101.73,-9999,-9999,-9999,-9999,-9999,-9999,-9999,-9999,-9999,-9999,-9999,-9999,-9999,-9999,-9999,0,0,-9999,-9999,-9999,-9999,-9999,-9999,-9999,-9999,-9999,-9999,0,0,-9999,-9999,-9999,-9999,-9999,-9999,-9999,-9999,-9999,-9999,0,0,-9999,-9999,-9999,-9999,-9999,-9999,-9999,-9999,-9999,-9999,0,0,-9999,-9999,-9999,-9999,-9999,-9999,-9999,-9999,-9999,-9999,0,0,0.31881,25.4
20210813,043041,225.188,1,1,1,38.8736,-76.5522,24.85,101.694,690.95,2087.68,31.2619,303.943,31.2748,-1.40069,-0.159686,7.19719,0.772742,0,0.0113713,7.64897e-05,0,2087.68,-15.7542,4,60,123.316,14.0587,1.25859,0.92473,0,0.0987917,0.072498,884.868,690.95,36.8119,9,60,-0.0964149,-0.0109918,1.26628,0.929023,0,7.87445e-05,0.0701869,31.1053,31.2619,36.9455,5,60,-0.131482,-0.0149898,1.16154,0.941927,0,7.62764e-05,0.0869632,31.1025,31.2748,37.8106,6,80,0.522771,0.0595993,4.63354,0.391416,0,0.00269052,0.0948658,304.571,303.943,44.8294,10,60,-9999,0.24352
20210813,043041,225.188,2,1,1,38.8736,-76.5522,24.85,101.694,-9999,-9999,-9999,-9999,-9999,-9999,-9999,-9999,-9999,-9999,-9999,-9999,-9999,-9999,-9999,0,0,-9999,-9999,-9999,-9999,-9999,-9999,-9999,-9999,-9999,-9999,0,0,-9999,-9999,-9999,-9999,-9999,-9999,-9999,-9999,-9999,-9999,0,0,-9999,-9999,-9999,-9999,-9999,-9999,-9999,-9999,-9999,-9999,0,0,-9999,-9999,-9999,-9999,-9999,-9999,-9999,-9999,-9999,-9999,0,0,-9999,0.24352
20210813,043536,225.191,3,1,1,38.8735,-76.5522,24.82,101.683,667.733,2069.51,31.0544,301.864,31.1413,-1.20237,-0.137042,3.04616,0.941398,0,0.00392155,6.62195e-05,0,2069.51,-20.9898,10,78,10.3116,1.17529,3.05213,0.941168,0,0.0337063,1.17607e-06,1e+06,667.733,-16.5744,10,78,-0.00339081,-0.000386474,3.52938,0.920484,0,1.30294e-05,1.24451e-05,0,31.0544,-11.2824,10,78,-0.00406764,-0.000463659,3.82698,0.884845,0,1.70708e-05,1.48889e-05,0,31.1413,-12.2351,10,98,0.0274241,0.003126,38.1975,0.00910699,0,0.00119361,0.00365946,302.719,301.864,-50,4,78,0.319,25.4
20210813,043840,225.194,4,1,1,38.8736,-76.5522,24.74,101.686,614.927,2069.07,30.9955,301.12,31.0478,-11.1214,-1.26718,1.29445,0.917332,0,0.0096924,0.0686909,2050.62,2069.07,37.2988,5,60,78.3715,8.92969,1.36063,0.92835,0,0.0778846,0.0590425,766.168,614.927,37.6453,10,60,-0.0298009,-0.00339552,1.37248,0.924311,0,3.02399e-05,0.0544679,30.9332,30.9955,35.8078,6,60,-0.0421911,-0.00480753,1.20202,0.953436,0,2.86155e-05,0.0586936,30.9659,31.0478,35.8007,10,80,-0.0186413,-0.00212411,129.16,0.0113149,0,0.00274342,0.000378067,295.501,301.12,-27.2494,6,60,0.316,25.4
20210813,043840,225.194,1,1,1,38.8736,-76.5522,24.74,101.686,-9999,-9999,-9999,-9999,-9999,-9999,-9999,-9999,-9999,-9999,-9999,-9999,-9999,-9999,-9999,0,0,-9999,-9999,-9999,-9999,-9999,-9999,-9999,-9999,-9999,-9999,0,0,-9999,-9999,-9999,-9999,-9999,-9999,-9999,-9999,-9999,-9999,0,0,-9999,-9999,-9999,-9999,-9999,-9999,-9999,-9999,-9999,-9999,0,0,-9999,-9999,-9999,-9999,-9999,-9999,-9999,-9999,-9999,-9999,0,0,0.316,25.4
20210813,050225,225.21,2,1,1,38.8736,-76.5522,24.57,101.744,627.62,2069.18,30.8529,301.288,30.8988,-1.17642,-0.13388,4.01391,0.907309,0,0.00518895,6.47023e-05,0,2069.18,7.77659,10,70,15.4242,1.75532,3.93696,0.906727,0,0.066633,0.000307815,6330.13,627.62,-13.376,2,70,-0.00663464,-0.000755043,3.76154,0.918433,0,2.72858e-05,2.44723e-05,0,30.8529,1.25107,10,70,-0.00867781,-0.000987609,4.18624,0.873636,0,4.00378e-05,3.19627e-05,0,30.8988,-14.8492,10,90,-0.0112112,-0.00127593,136.134,0.00787292,0,0.00173692,4.2349e-06,0,301.288,-167.789,5,70,0.314,0.0235605
20210813,050529,225.212,3,1,1,38.8736,-76.5522,24.6,101.733,644.754,2178.39,30.787,301.364,30.8267,-0.947306,-0.107822,3.63806,0.921658,0,0.00375766,4.94959e-05,0,2178.39,101.145,10,72,34.9174,3.97427,1.33322,0.933033,0,0.0329569,0.0370853,751.919,644.754,28.6634,5,72,-0.014322,-0.00163012,1.428,0.886139,0,1.58834e-05,0.0352898,30.7408,30.787,23.5599,8,72,-0.01533,-0.00174492,1.11805,0.936526,0,6.98499e-06,0.0463107,30.789,30.8267,24.0308,7,112,-0.0182077,-0.00207247,71.1355,0.0274678,0,0.0014741,6.87696e-06,0,301.364,-44.901,1,72,0.318798,25.1
20210813,050529,225.212,4,1,1,38.8736,-76.5522,24.6,101.733,-9999,-9999,-9999,-9999,-9999,-9999,-9999,-9999,-9999,-9999,-9999,-9999,-9999,-9999,-9999,0,0,-9999,-9999,-9999,-9999,-9999,-9999,-9999,-9999,-9999,-9999,0,0,-9999,-9999,-9999,-9999,-9999,-9999,-9999,-9999,-9999,-9999,0,0,-9999,-9999,-9999,-9999,-9999,-9999,-9999,-9999,-9999,-9999,0,0,-9999,-9999,-9999,-9999,-9999,-9999,-9999,-9999,-9999,-9999,0,0,0.318798,25.1
20210813,053041,225.23,1,1,1,38.8736,-76.5522,24.46,101.749,652.384,2066.99,30.7355,302.583,30.6456,-1.42243,-0.161782,7.54896,0.755195,0,0.0120955,7.82692e-05,0,2066.99,-12.8267,3,60,120.624,13.7193,1.27437,0.924555,0,0.100298,0.0764229,831.903,652.384,38.2265,9,60,-0.0174753,-0.00198757,6.81068,0.791978,0,0.000133768,6.4667e-05,0,30.7355,2.66135,2,60,-0.0872235,-0.00991953,1.17984,0.940531,0,5.4554e-05,0.078692,30.5196,30.6456,37.065,10,80,0.100318,0.0114087,22.3683,0.188285,0,0.00254915,0.00627172,304.402,302.583,33.734,2,60,-9999,0.24348
20210813,053041,225.23,2,1,1,38.8736,-76.5522,24.46,101.749,-9999,-9999,-9999,-9999,-9999,-9999,-9999,-9999,-9999,-9999,-9999,-9999,-9999,-9999,-9999,0,0,-9999,-9999,-9999,-9999,-9999,-9999,-9999,-9999,-9999,-9999,0,0,-9999,-9999,-9999,-9999,-9999,-9999,-9999,-9999,-9999,-9999,0,0,-9999,-9999,-9999,-9999,-9999,-9999,-9999,-9999,-9999,-9999,0,0,-9999,-9999,-9999,-9999,-9999,-9999,-9999,-9999,-9999,-9999,0,0,-9999,0.24348
20210813,053536,225.233,3,1,1,38.8735,-76.5522,24.39,101.745,596.138,2063.34,30.5393,301.327,30.5707,-1.14905,-0.130639,3.05101,0.941191,0,0.00374528,6.33144e-05,0,2063.34,-28.6678,10,78,9.63421,1.09535,3.07571,0.94019,0,0.0316901,1.096e-06,1e+06,596.138,-17.6888,10,78,-0.00255351,-0.000290317,3.03388,0.941909,0,8.27012e-06,9.50635e-06,0,30.5393,-33.2884,10,78,-0.00135799,-0.000154399,4.7761,0.827451,0,7.19598e-06,5.05057e-06,0,30.5707,-61.1724,10,98,0.0708323,0.00805342,16.2884,0.0183943,0,0.00130908,0.0179803,301.775,301.327,-32.7667,4,78,0.319,25.1
20210813,053840,225.235,4,1,1,38.8736,-76.5522,24.36,101.751,570.089,2050.16,30.4621,300.646,30.44,-9.01514,-1.02464,1.43679,0.927293,0,0.0101161,0.053861,2031.14,2050.16,37.8726,6,60,78.1535,8.88276,1.44131,0.932723,0,0.0882815,0.0515854,742.284,570.089,37.9135,10,60,-0.0322322,-0.00366344,1.33648,0.907624,0,3.05746e-05,0.0608792,30.4019,30.4621,35.242,6,60,-0.0256582,-0.00291619,1.17234,0.915529,0,1.55612e-05,0.0602475,30.3916,30.44,29.2309,4,80,-0.00348345,-0.000395912,597.912,0.000481389,0,0.0023672,1.31687e-06,0,300.646,-897.905,2,60,0.316013,25.1
20210813,053840,225.235,1,1,1,38.8736,-76.5522,24.36,101.751,-9999,-9999,-9999,-9999,-9999,-9999,-9999,-9999,-9999,-9999,-9999,-9999,-9999,-9999,-9999,0,0,-9999,-9999,-9999,-9999,-9999,-9999,-9999,-9999,-9999,-9999,0,0,-9999,-9999,-9999,-9999,-9999,-9999,-9999,-9999,-9999,-9999,0,0,-9999,-9999,-9999,-9999,-9999,-9999,-9999,-9999,-9999,-9999,0,0,-9999,-9999,-9999,-9999,-9999,-9999,-9999,-9999,-9999,-9999,0,0,0.316013,25.1
20210813,060225,225.252,2,1,1,38.8736,-76.5522,24.27,101.781,624.139,2039.57,30.3182,300.448,30.3543,-1.45892,-0.165705,4.07318,0.904601,0,0.00652415,8.12448e-05,0,2039.57,-34.1671,10,70,17.9187,2.03521,3.95606,0.902074,0,0.0776623,0.000573772,4171.22,624.139,-14.6968,2,70,-0.00522156,-0.000593066,4.36904,0.890948,0,2.51612e-05,1.95614e-05,0,30.3182,-0.879355,10,70,-0.00568573,-0.000645811,4.25194,0.869928,0,2.66195e-05,2.12757e-05,0,30.3543,-17.8792,10,90,-0.00404317,-0.000459242,362.853,0.00111564,0,0.00166636,1.52852e-06,0,300.448,-387.438,6,70,0.315055,0.0234725
20210813,060529,225.254,3,1,1,38.8736,-76.5522,24.26,101.784,614.875,2029.36,30.2734,299.989,30.3224,-1.05167,-0.119436,6.36603,0.783742,0,0.00750046,5.88539e-05,0,2029.36,-13.1187,2,72,36.3493,4.12811,1.37675,0.923376,0,0.0370697,0.0359657,729.654,614.875,27.9892,5,72,-0.00148103,-0.000168197,10.9998,0.543694,0,1.84178e-05,5.55593e-06,0,30.2734,-46.6881,2,72,0.000289006,3.28235e-05,13.6655,0.328705,0,4.47241e-06,3.28245e-11,1e+06,30.3224,419.799,10,112,0.144752,0.01644,9.92275,0.070594,0,0.00162225,0.0191382,300.848,299.989,-6.51261,3,72,0.318,24.9
20210813,060529,225.254,4,1,1,38.8736,-76.5522,24.26,101.784,-9999,-9999,-9999,-9999,-9999,-9999,-9999,-9999,-9999,-9999,-9999,-9999,-9999,-9999,-9999,0,0,-9999,-9999,-9999,-9999,-9999,-9999,-9999,-9999,-9999,-9999,0,0,-9999,-9999,-9999,-9999,-9999,-9999,-9999,-9999,-9999,-9999,0,0,-9999,-9999,-9999,-9999,-9999,-9999,-9999,-9999,-9999,-9999,0,0,-9999,-9999,-9999,-9999,-9999,-9999,-9999,-9999,-9999,-9999,0,0,0.318,24.9
20210813,063041,225.271,1,1,1,38.8736,-76.5522,24.27,101.814,646.519,2060.55,30.3105,301.674,30.2235,-6.47796,-0.735507,1.29921,0.921598,0,0.00569452,0.0724334,2050.39,2060.55,37.8281,6,60,136.734,15.5248,1.25943,0.91881,0,0.109518,0.0814276,837.177,646.519,38.2801,9,60,-0.0136072,-0.00154496,7.59216,0.753042,0,0.000116183,5.09712e-05,0,30.3105,-6.29294,3,60,-0.0474481,-0.00538676,1.1935,0.941992,0,3.12211e-05,0.0654724,30.1412,30.2235,34.5711,10,80,0.0351375,0.00398915,63.5464,0.00428544,0,0.00253462,0.00390848,302.694,301.674,50,4,60,-9999,0.24368
20210813,063041,225.271,2,1,1,38.8736,-76.5522,24.27,101.814,-9999,-9999,-9999,-9999,-9999,-9999,-9999,-9999,-9999,-9999,-9999,-9999,-9999,-9999,-9999,0,0,-9999,-9999,-9999,-9999,-9999,-9999,-9999,-9999,-9999,-9999,0,0,-9999,-9999,-9999,-9999,-9999,-9999,-9999,-9999,-9999,-9999,0,0,-9999,-9999,-9999,-9999,-9999,-9999,-9999,-9999,-9999,-9999,0,0,-9999,-9999,-9999,-9999,-9999,-9999,-9999,-9999,-9999,-9999,0,0,-9999,0.24368
20210813,063536,225.275,3,1,1,38.8736,-76.5522,24.18,101.816,590.222,2088.65,30.1597,300.822,30.1794,-0.967838,-0.109837,3.61411,0.916576,0,0.00380062,5.25875e-05,0,2088.65,90.6403,9,78,8.7856,0.997052,3.12566,0.938106,0,0.029377,9.97641e-07,1e+06,590.222,-6.58734,10,78,-0.000978627,-0.000111061,5.79721,0.801831,0,6.33334e-06,3.68244e-06,0,30.1597,-124.709,10,78,0.000139053,1.57811e-05,35.3811,0.0768808,0,5.58109e-06,1.57815e-11,1e+06,30.1794,1397.85,8,98,0.0151483,0.00171917,68.3662,0.027387,0,0.00117519,1.71968e-09,1e+06,300.822,213.524,2,78,0.318,24.9
20210813,063840,225.277,4,1,1,38.8736,-76.5522,24.13,101.818,586.62,2077.75,30.114,300.279,30.0803,-2.68443,-0.304585,1.94093,0.964283,0,0.00498501,0.0270041,2066.47,2077.75,48.496,6,60,46.985,5.33108,1.55794,0.939764,0,0.0616796,0.0387391,724.235,586.62,36.0971,10,60,-0.0328103,-0.00372276,1.13647,0.910407,0,1.6773e-05,0.102826,30.0778,30.114,37.4705,10,60,-0.0253541,-0.00287666,1.10931,0.773469,0,1.08402e-05,0.0880181,30.0476,30.0803,26.7529,5,80,-0.000177848,-2.01786e-05,13927,0.000449001,0,0.00281027,0.000124122,300.116,300.279,-50,2,60,0.315,24.9
20210813,063840,225.277,1,1,1,38.8736,-76.5522,24.13,101.818,-9999,-9999,-9999,-9999,-9999,-9999,-9999,-9999,-9999,-9999,-9999,-9999,-9999,-9999,-9999,0,0,-9999,-9999,-9999,-9999,-9999,-9999,-9999,-9999,-9999,-9999,0,0,-9999,-9999,-9999,-9999,-9999,-9999,-9999,-9999,-9999,-9999,0,0,-9999,-9999,-9999,-9999,-9999,-9999,-9999,-9999,-9999,-9999,0,0,-9999,-9999,-9999,-9999,-9999,-9999,-9999,-9999,-9999,-9999,0,0,0.315,24.9
20210813,070225,225.293,2,1,1,38.8736,-76.5522,24.01,101.826,664.698,2046.69,29.9993,300.993,29.9537,-1.2996,-0.147361,4.14342,0.901301,0,0.00590907,7.19995e-05,0,2046.69,-86.2805,10,70,15.3425,1.73968,3.85153,0.914518,0,0.0644994,1.74084e-06,1e+06,664.698,-24.3733,10,70,-0.00523733,-0.000593856,4.22945,0.897467,0,2.43408e-05,1.97957e-05,0,29.9993,-23.0381,10,70,-0.00292717,-0.000331894,3.96322,0.886012,0,1.26898e-05,1.10802e-05,0,29.9537,-74.0237,10,90,-0.0276943,-0.00314009,44.3791,0.017654,0,0.00139316,0.00753226,300.576,300.993,-25.3112,4,70,0.313,0.024
20210813,070529,225.295,3,1,1,38.8737,-76.5522,24.02,101.83,664.898,2082.74,29.9484,300.996,29.9482,-0.737893,-0.0836691,4.3975,0.886713,0,0.00357431,4.01726e-05,0,2082.74,184.836,10,72,19.0066,2.15514,1.59272,0.93788,0,0.0259368,0.027534,743.17,664.898,33.3888,5,72,-0.226849,-0.0257223,1.04357,0.919008,0,6.60822e-06,0.958282,29.9215,29.9484,34.3869,10,72,0.000652017,7.39318e-05,10.9913,0.431609,0,8.08935e-06,7.3934e-11,1e+06,29.9482,348.845,10,112,0.0252215,0.00285984,40.8182,0.0790185,0,0.00116695,2.8607e-09,1e+06,300.996,100.587,2,72,0.318,24.8215
20210813,070529,225.295,4,1,1,38.8737,-76.5522,24.02,101.83,-9999,-9999,-9999,-9999,-9999,-9999,-9999,-9999,-9999,-9999,-9999,-9999,-9999,-9999,-9999,0,0,-9999,-9999,-9999,-9999,-9999,-9999,-9999,-9999,-9999,-9999,0,0,-9999,-9999,-9999,-9999,-9999,-9999,-9999,-9999,-9999,-9999,0,0,-9999,-9999,-9999,-9999,-9999,-9999,-9999,-9999,-9999,-9999,0,0,-9999,-9999,-9999,-9999,-9999,-9999,-9999,-9999,-9999,-9999,0,0,0.318,24.8215
20210813,073041,225.313,1,1,1,38.8737,-76.5522,24.18,101.846,660.384,2027.2,30.0943,301.627,30.0223,-1.32573,-0.150394,6.68044,0.798415,0,0.00992374,7.41878e-05,0,2027.2,1.42736,2,60,124.792,14.1567,1.28366,0.919685,0,0.105921,0.0759218,846.848,660.384,37.9779,9,60,-0.0129219,-0.00146589,7.48415,0.758434,0,0.000108638,4.87097e-05,0,30.0943,-5.30353,3,60,-0.0453297,-0.0051419,1.17649,0.929338,0,2.79819e-05,0.0756942,29.9543,30.0223,35.0413,10,80,0.0386285,0.00438177,43.5924,0.0832265,0,0.00190957,4.38309e-09,1e+06,301.627,81.1495,2,60,-9999,0.24296
20210813,073041,225.313,2,1,1,38.8737,-76.5522,24.18,101.846,-9999,-9999,-9999,-9999,-9999,-9999,-9999,-9999,-9999,-9999,-9999,-9999,-9999,-9999,-9999,0,0,-9999,-9999,-9999,-9999,-9999,-9999,-9999,-9999,-9999,-9999,0,0,-9999,-9999,-9999,-9999,-9999,-9999,-9999,-9999,-9999,-9999,0,0,-9999,-9999,-9999,-9999,-9999,-9999,-9999,-9999,-9999,-9999,0,0,-9999,-9999,-9999,-9999,-9999,-9999,-9999,-9999,-9999,-9999,0,0,-9999,0.24296
20210813,073536,225.316,3,1,1,38.8736,-76.5522,24.09,101.841,626.486,2034.49,29.9343,301.6,29.9679,-1.10721,-0.125555,3.19416,0.935198,0,0.00379053,6.17133e-05,0,2034.49,-34.9797,10,78,8.79827,0.997703,3.14508,0.93729,0,0.0296024,9.98328e-07,1e+06,626.486,-13.0784,10,78,-0.0184353,-0.00209052,1.0858,0.168461,0,6.30057e-06,0.125629,29.9176,29.9343,8.19519,5,78,0.00221696,0.000251407,4.1863,0.863711,0,1.01927e-05,2.51415e-10,1e+06,29.9679,88.2413,6,98,0.0279243,0.00316666,38.1296,0.0256865,0,0.00120698,0.00919461,301.944,301.6,-2.50423,3,78,0.316323,24.7
20210813,073840,225.319,4,1,1,38.8736,-76.5522,24.1,101.841,620.882,2038.2,29.9092,301.149,29.916,-6.73667,-0.763902,1.46429,0.936427,0,0.00785041,0.0491156,2022.65,2038.2,38.1778,6,60,59.8511,6.78678,1.43454,0.938825,0,0.0668375,0.0495281,757.911,620.882,37.9015,10,60,-0.0659077,-0.00747356,1.05453,0.817509,0,1.15756e-05,0.333046,29.8867,29.9092,41.0914,9,60,0.000998293,0.000113202,9.04506,0.613627,0,1.01708e-05,1.13205e-10,1e+06,29.916,193.245,10,80,-0.0220049,-0.00249525,83.568,0.0241002,0,0.00208507,8.28576e-06,0,301.149,77.2263,3,60,0.315,24.7
20210813,073840,225.319,1,1,1,38.8736,-76.5522,24.1,101.841,-9999,-9999,-9999,-9999,-9999,-9999,-9999,-9999,-9999,-9999,-9999,-9999,-9999,-9999,-9999,0,0,-9999,-9999,-9999,-9999,-9999,-9999,-9999,-9999,-9999,-9999,0,0,-9999,-9999,-9999,-9999,-9999,-9999,-9999,-9999,-9999,-9999,0,0,-9999,-9999,-9999,-9999,-9999,-9999,-9999,-9999,-9999,-9999,0,0,-9999,-9999,-9999,-9999,-9999,-9999,-9999,-9999,-9999,-9999,0,0,0.315,24.7
20210813,080225,225.335,2,1,1,38.8736,-76.5522,24.43,101.848,637.888,2046.24,30.2298,301.77,30.3443,-1.12437,-0.127673,3.96086,0.909671,0,0.00487849,6.2394e-05,0,2046.24,5.45124,10,70,22.908,2.60121,3.00234,0.901105,0,0.0732339,0.00533087,1125.84,637.888,-3.51046,9,70,-0.00176235,-0.000200116,5.29907,0.844913,0,1.03969e-05,6.61982e-06,0,30.2298,23.9152,2,70,-0.00347093,-0.000394173,4.73662,0.841842,0,1.82123e-05,1.299e-05,0,30.3443,21.3939,10,90,-0.0128023,-0.00145388,98.4193,0.0149545,0,0.00143082,4.81785e-06,0,301.77,-206.824,5,70,0.314,0.024
20210813,080529,225.337,3,1,1,38.8736,-76.5521,24.5,101.849,631.634,2058.13,30.2588,301.54,30.414,-0.708497,-0.0804706,7.53575,0.772812,0,0.00600571,0.000442253,1876.17,2058.13,50,7,72,28.745,3.26484,1.4388,0.930325,0,0.0323614,0.0327993,731.174,631.634,29.724,5,72,0.00539181,0.000612398,1.81267,0.763191,0,9.07942e-06,0.0341439,30.2768,30.2588,21.3715,10,72,0.0462455,0.00525337,1.0461,0.886506,0,4.28971e-06,0.599361,30.4228,30.414,35.1016,9,112,0.0335312,0.00380906,33.5418,0.0676355,0,0.00127701,0.00834872,301.996,301.54,37.4482,2,72,0.31762,24.9
20210813,080529,225.337,4,1,1,38.8736,-76.5521,24.5,101.849,-9999,-9999,-9999,-9999,-9999,-9999,-9999,-9999,-9999,-9999,-9999,-9999,-9999,-9999,-9999,0,0,-9999,-9999,-9999,-9999,-9999,-9999,-9999,-9999,-9999,-9999,0,0,-9999,-9999,-9999,-9999,-9999,-9999,-9999,-9999,-9999,-9999,0,0,-9999,-9999,-9999,-9999,-9999,-9999,-9999,-9999,-9999,-9999,0,0,-9999,-9999,-9999,-9999,-9999,-9999,-9999,-9999,-9999,-9999,0,0,0.31762,24.9
20210813,083041,225.355,1,1,1,38.8736,-76.5521,24.95,101.862,619.018,2078.87,30.8023,301.692,31.0081,-0.843337,-0.0959757,2.08857,0.981357,0,0.00173689,4.61673e-05,0,2078.87,149.845,10,60,136.669,15.5535,1.25695,0.917473,0,0.10919,0.0850582,801.875,619.018,38.7798,9,60,-0.00618664,-0.000704068,5.88332,0.837215,0,4.07669e-05,2.28577e-05,0,30.8023,23.0786,1,60,-0.0152725,-0.00173845,5.0895,0.837854,0,8.6602e-05,5.60644e-05,0,31.0081,21.2271,2,80,0.0240199,0.00273415,82.016,0.0249949,0,0.00224226,2.73498e-09,1e+06,301.692,144.609,4,60,-9999,0.24604
20210813,083041,225.355,2,1,1,38.8736,-76.5521,24.95,101.862,-9999,-9999,-9999,-9999,-9999,-9999,-9999,-9999,-9999,-9999,-9999,-9999,-9999,-9999,-9999,0,0,-9999,-9999,-9999,-9999,-9999,-9999,-9999,-9999,-9999,-9999,0,0,-9999,-9999,-9999,-9999,-9999,-9999,-9999,-9999,-9999,-9999,0,0,-9999,-9999,-9999,-9999,-9999,-9999,-9999,-9999,-9999,-9999,0,0,-9999,-9999,-9999,-9999,-9999,-9999,-9999,-9999,-9999,-9999,0,0,-9999,0.24604
20210813,083536,225.358,3,1,1,38.8736,-76.5522,25.03,101.857,558.19,2183.17,30.8597,301.193,31.0968,-4.3443,-0.494588,1.4356,0.937875,0,0.00488083,0.00962938,2131.81,2183.17,-49.1953,8,78,9.27338,1.05575,3.13829,0.937567,0,0.0312506,1.05634e-06,1e+06,558.19,-11.6254,10,78,-5.77396e-05,-6.57352e-06,107.375,0.0112838,0,7.05799e-06,2.13013e-07,0,30.8597,1239.36,3,78,-0.00479006,-0.00054547,4.56758,0.840426,0,2.4257e-05,1.7541e-05,0,31.0968,36.1118,1,98,-0.00795051,-0.000905367,146.133,0.0141808,0,0.00132301,9.83975e-05,291.992,301.193,7.4368,4,78,0.316,25.0535
20210813,083840,225.36,4,1,1,38.8737,-76.5522,25.04,101.863,596.159,2079.69,30.9074,301.196,31.1509,-9.43145,-1.0738,1.3251,0.923771,0,0.00878233,0.0650226,2063.18,2079.69,37.922,6,60,83.3401,9.48853,1.3178,0.927207,0,0.076476,0.0612035,751.191,596.159,36.9078,10,60,-0.00594012,-0.000676301,3.31076,0.944609,0,2.12515e-05,0.000452171,29.4117,30.9074,36.4637,10,60,-0.0562967,-0.00641116,1.25953,0.963471,0,4.53079e-05,0.0517295,31.0269,31.1509,38.7788,5,80,-0.00532726,-0.000606677,425.378,0.000951586,0,0.00258066,2.01423e-06,0,301.196,-496.619,6,60,0.315,25.1
20210813,083840,225.36,1,1,1,38.8737,-76.5522,25.04,101.863,-9999,-9999,-9999,-9999,-9999,-9999,-9999,-9999,-9999,-9999,-9999,-9999,-9999,-9999,-9999,0,0,-9999,-9999,-9999,-9999,-9999,-9999,-9999,-9999,-9999,-9999,0,0,-9999,-9999,-9999,-9999,-9999,-9999,-9999,-9999,-9999,-9999,0,0,-9999,-9999,-9999,-9999,-9999,-9999,-9999,-9999,-9999,-9999,0,0,-9999,-9999,-9999,-9999,-9999,-9999,-9999,-9999,-9999,-9999,0,0,0.315,25.1
20210813,090225,225.377,2,1,1,38.8737,-76.5523,25.68,101.893,564.81,2198.47,31.5066,301.37,31.8815,-0.970807,-0.110802,5.70571,0.822976,0,0.00621568,5.03995e-05,0,2198.47,330.747,1,70,17.9188,2.04513,3.87527,0.894718,0,0.076335,0.00145821,1967.31,564.81,-9.1805,2,70,-0.000370455,-4.22813e-05,22.0535,0.232557,0,9.31408e-06,1.34198e-06,0,31.5066,437.204,8,70,-0.0105595,-0.00120566,5.08358,0.821099,0,5.9989e-05,3.78169e-05,0,31.8815,36.3281,10,90,-0.0346202,-0.00395285,40.5512,0.0821446,0,0.0016024,1.31163e-05,0,301.37,-90.2067,1,70,0.314,0.023
20210813,090529,225.379,3,1,1,38.8736,-76.5522,25.75,101.893,601.255,2285.97,31.5462,301.559,31.848,-0.146015,-0.0166699,78.5038,0.0226354,0,0.0130853,7.29225e-06,0,2285.97,462.985,3,72,32.3134,3.68907,1.38564,0.929678,0,0.0336912,0.0338753,710.157,601.255,28.0516,5,72,0.0144635,0.00165123,1.68674,0.849824,0,2.19008e-05,0.0312105,31.5991,31.5462,23.4532,10,72,0.172885,0.0197436,1.04566,0.88146,0,1.70565e-05,0.334547,31.907,31.848,33.5516,10,112,0.024913,0.00284509,48.905,0.0563879,0,0.00139108,2.84595e-09,1e+06,301.559,109.775,2,72,0.316608,25.4
20210813,090529,225.379,4,1,1,38.8736,-76.5522,25.75,101.893,-9999,-9999,-9999,-9999,-9999,-9999,-9999,-9999,-9999,-9999,-9999,-9999,-9999,-9999,-9999,0,0,-9999,-9999,-9999,-9999,-9999,-9999,-9999,-9999,-9999,-9999,0,0,-9999,-9999,-9999,-9999,-9999,-9999,-9999,-9999,-9999,-9999,0,0,-9999,-9999,-9999,-9999,-9999,-9999,-9999,-9999,-9999,-9999,0,0,-9999,-9999,-9999,-9999,-9999,-9999,-9999,-9999,-9999,-9999,0,0,0.316608,25.4
20210813,093041,225.396,1,1,1,38.8736,-76.5522,26.22,101.912,571.521,2285.22,32.1228,301.926,32.5898,-14.9785,-1.71337,1.07329,0.861486,0,0.0044274,0.0848679,2265.03,2285.22,23.5676,5,60,131.636,15.0576,1.26118,0.919577,0,0.107046,0.0780928,764.338,571.521,37.7696,9,60,-0.00043193,-4.94078e-05,111.774,0.0135965,0,5.52227e-05,1.53809e-06,0,32.1228,916.931,5,60,-0.0376929,-0.00431371,1.35363,0.989614,0,3.7286e-05,0.0231524,32.4035,32.5898,49.4089,10,80,0.0208519,0.00238636,103.172,0.0159411,0,0.00246192,2.38708e-09,1e+06,301.926,200.664,5,60,-9999,0.24612
20210813,093041,225.396,2,1,1,38.8736,-76.5522,26.22,101.912,-9999,-9999,-9999,-9999,-9999,-9999,-9999,-9999,-9999,-9999,-9999,-9999,-9999,-9999,-9999,0,0,-9999,-9999,-9999,-9999,-9999,-9999,-9999,-9999,-9999,-9999,0,0,-9999,-9999,-9999,-9999,-9999,-9999,-9999,-9999,-9999,-9999,0,0,-9999,-9999,-9999,-9999,-9999,-9999,-9999,-9999,-9999,-9999,0,0,-9999,-9999,-9999,-9999,-9999,-9999,-9999,-9999,-9999,-9999,0,0,-9999,0.24612
20210813,093536,225.4,3,1,1,38.8737,-76.5522,26.43,101.921,533.674,2225.26,32.3089,301.841,32.6466,-0.900472,-0.103089,3.51295,0.921182,0,0.00345863,4.63268e-05,0,2225.26,34.5589,10,78,8.55353,0.979238,3.15259,0.936953,0,0.0291378,9.79761e-07,1e+06,533.674,-6.78281,10,78,0.00598879,0.000685618,3.2052,0.934726,0,2.07827e-05,6.8564e-10,1e+06,32.3089,1.849,10,78,0.0161107,0.00184506,1.89089,0.842022,0,2.91177e-05,0.0126824,32.7921,32.6466,-16.9397,9,98,0.0138393,0.00158493,82.163,0.0191214,0,0.00130212,1.58541e-09,1e+06,301.841,236.716,2,78,0.316,25.6
20210813,093840,225.402,4,1,1,38.8736,-76.5522,26.51,101.926,565.478,2200.99,32.483,301.513,33.0035,-21.9066,-2.50891,1.14077,0.901076,0,0.0116784,0.0914105,2173.54,2200.99,35.2099,5,60,77.8808,8.91947,1.32906,0.925024,0,0.0736438,0.0620626,709.195,565.478,37.3178,10,60,-0.00759344,-0.000869656,7.32807,0.796979,0,6.30821e-05,0.00730074,32.3639,32.483,50,6,60,-0.0469306,-0.00537772,4.73438,0.857426,0,0.000248365,0.000162944,0,33.0035,30.8887,1,80,-0.0324293,-0.00371604,69.4003,0.0586788,0,0.00257865,0.000337354,290.498,301.513,-42.5618,6,60,0.314105,25.6316
20210813,093840,225.402,1,1,1,38.8736,-76.5522,26.51,101.926,-9999,-9999,-9999,-9999,-9999,-9999,-9999,-9999,-9999,-9999,-9999,-9999,-9999,-9999,-9999,0,0,-9999,-9999,-9999,-9999,-9999,-9999,-9999,-9999,-9999,-9999,0,0,-9999,-9999,-9999,-9999,-9999,-9999,-9999,-9999,-9999,-9999,0,0,-9999,-9999,-9999,-9999,-9999,-9999,-9999,-9999,-9999,-9999,0,0,-9999,-9999,-9999,-9999,-9999,-9999,-9999,-9999,-9999,-9999,0,0,0.314105,25.6316
20210813,100225,225.418,2,1,1,38.8736,-76.5521,27.25,101.975,616.463,2139.57,33.3511,301.702,33.7465,-1.24963,-0.14353,4.07105,0.904656,0,0.00564898,6.70835e-05,0,2139.57,-55.572,10,70,17.788,2.04309,3.74082,0.903346,0,0.0734104,0.00125345,2246.44,616.463,-13.6858,2,70,0.00636167,0.000730689,4.51668,0.877122,0,3.21147e-05,0.00157523,33.815,33.3511,39.954,9,70,0.0106837,0.00122761,3.9608,0.842165,0,4.69145e-05,0.00342112,34.1054,33.7465,10.3006,2,90,-0.13111,-0.0150652,11.6669,0.107242,0,0.00175063,0.0237814,301.069,301.702,10.0704,4,70,0.314,0.023
20210813,100529,225.42,3,1,1,38.8736,-76.5522,27.35,101.977,642.441,2125.77,33.4072,302.317,33.7952,-1.0131,-0.116409,5.80186,0.814367,0,0.00664431,5.47608e-05,0,2125.77,1.62223,1,72,21.4323,2.46265,1.57262,0.938763,0,0.0290334,0.0287556,728.082,642.441,34.0652,5,72,0.0236545,0.00271799,1.81881,0.851533,0,4.05412e-05,0.025413,33.5141,33.4072,20.1652,10,72,0.196759,0.0226175,1.05063,0.895876,0,3.2455e-05,0.182077,33.9194,33.7952,32.2507,10,112,-0.0107796,-0.00123912,134.584,0.00782551,0,0.00166761,4.09873e-06,0,302.317,-327.982,7,72,0.31819,26.4
20210813,100529,225.42,4,1,1,38.8736,-76.5522,27.35,101.977,-9999,-9999,-9999,-9999,-9999,-9999,-9999,-9999,-9999,-9999,-9999,-9999,-9999,-9999,-9999,0,0,-9999,-9999,-9999,-9999,-9999,-9999,-9999,-9999,-9999,-9999,0,0,-9999,-9999,-9999,-9999,-9999,-9999,-9999,-9999,-9999,-9999,0,0,-9999,-9999,-9999,-9999,-9999,-9999,-9999,-9999,-9999,-9999,0,0,-9999,-9999,-9999,-9999,-9999,-9999,-9999,-9999,-9999,-9999,0,0,0.31819,26.4
20210813,103041,225.438,1,1,1,38.8736,-76.5522,27.74,101.989,607.676,2253.07,33.8932,302.676,34.4371,-0.657109,-0.0756309,16.6359,0.459525,0,0.0125572,0.000376889,2052.4,2253.07,50,8,60,175.972,20.2537,1.20422,0.912699,0,0.122783,0.0881961,837.32,607.676,37.2952,9,60,-0.00439298,-0.000505617,2.7401,0.964071,0,1.28167e-05,1.4918e-05,0,33.8932,94.6523,10,60,-0.00805645,-0.000927792,33.6563,0.242533,0,0.000312111,0.000268756,30.9849,34.4371,30.8327,5,80,-0.0562638,-0.00647942,43.0581,0.0851333,0,0.0027891,2.14071e-05,0,302.676,-69.2729,10,60,-9999,0.241387
20210813,103041,225.438,2,1,1,38.8736,-76.5522,27.74,101.989,-9999,-9999,-9999,-9999,-9999,-9999,-9999,-9999,-9999,-9999,-9999,-9999,-9999,-9999,-9999,0,0,-9999,-9999,-9999,-9999,-9999,-9999,-9999,-9999,-9999,-9999,0,0,-9999,-9999,-9999,-9999,-9999,-9999,-9999,-9999,-9999,-9999,0,0,-9999,-9999,-9999,-9999,-9999,-9999,-9999,-9999,-9999,-9999,0,0,-9999,-9999,-9999,-9999,-9999,-9999,-9999,-9999,-9999,-9999,0,0,-9999,0.241387
20210813,103536,225.441,3,1,1,38.8737,-76.5521,27.73,101.983,572.256,2168.84,33.8417,302.293,34.1962,-1.20606,-0.138816,3.07863,0.940004,0,0.00402213,6.40048e-05,0,2168.84,-35.0407,10,78,9.91083,1.14072,3.11477,0.938522,0,0.0334896,1.14138e-06,1e+06,572.256,-15.2067,10,78,-0.000927074,-0.000106705,9.05286,0.619331,0,9.59584e-06,3.15306e-06,0,33.8417,140.954,10,78,-0.00842518,-0.000970083,5.57625,0.776269,0,5.31441e-05,2.83681e-05,0,34.1962,84.0529,10,98,-0.0128405,-0.00147846,97.2048,0.0137342,0,0.00143706,4.89083e-06,0,302.293,-331.812,8,78,0.318303,26.7
20210813,103840,225.444,4,1,1,38.8737,-76.5522,27.71,101.984,589.539,2171.62,33.9906,301.79,34.4439,-9.04315,-1.04096,1.33402,0.927054,0,0.00868953,0.0584229,2153.8,2171.62,36.5212,6,60,60.5756,6.9729,1.45828,0.929444,0,0.0712397,0.0558504,714.388,589.539,39.4866,9,60,-0.00784048,-0.000902524,2.3273,0.975482,0,1.8788e-05,2.65521e-05,0,33.9906,53.3374,10,60,-0.0360691,-0.0041539,4.3392,0.878451,0,0.000174987,0.000120599,0,34.4439,33.7979,1,80,-0.051471,-0.00592766,49.6876,0.0568022,0,0.00294466,0.000303491,282.258,301.79,-50,7,60,0.317,26.7
20210813,103840,225.444,1,1,1,38.8737,-76.5522,27.71,101.984,-9999,-9999,-9999,-9999,-9999,-9999,-9999,-9999,-9999,-9999,-9999,-9999,-9999,-9999,-9999,0,0,-9999,-9999,-9999,-9999,-9999,-9999,-9999,-9999,-9999,-9999,0,0,-9999,-9999,-9999,-9999,-9999,-9999,-9999,-9999,-9999,-9999,0,0,-9999,-9999,-9999,-9999,-9999,-9999,-9999,-9999,-9999,-9999,0,0,-9999,-9999,-9999,-9999,-9999,-9999,-9999,-9999,-9999,-9999,0,0,0.317,26.7
20210813,110225,225.46,2,1,1,38.8736,-76.5522,27.96,102.013,576.793,2174.68,34.4751,301.469,34.7079,-1.49797,-0.172587,4.12802,0.9021,0,0.00689451,7.93619e-05,0,2174.68,20.0338,1,70,16.8855,1.94544,3.9408,0.902391,0,0.0739471,0.000773398,3092.24,576.793,3.17251,2,70,0.00860135,0.000990996,3.54368,0.903749,0,3.35708e-05,0.0035053,34.7578,34.4751,18.8712,9,70,0.0201073,0.0023172,3.69828,0.855781,0,8.22368e-05,0.00376087,35.3241,34.7079,8.77415,9,90,-0.137207,-0.015812,12.4952,0.130857,0,0.00196889,0.0179071,300.586,301.469,6.80902,4,70,0.314,0.023
20210813,110529,225.462,3,1,1,38.8736,-76.5522,28.02,102.01,579.777,2085.81,34.4566,301.337,34.6228,-5.29692,-0.610415,1.31137,0.906324,0,0.0048741,0.0404177,2070.71,2085.81,25.4588,5,72,23.6516,2.7256,1.52323,0.933437,0,0.0303277,0.0292242,673.042,579.777,30.9708,5,72,-0.00725557,-0.000836128,4.80421,0.866582,0,3.92164e-05,2.42661e-05,0,34.4566,21.2965,1,72,-0.0128776,-0.00148427,3.46675,0.888761,0,4.90846e-05,0.00065044,32.3409,34.6228,41.3572,10,112,-0.0147079,-0.00169522,96.7022,0.021104,0,0.00163922,0.000388869,296.978,301.337,3.18325,6,72,0.319,26.9
20210813,110529,225.462,4,1,1,38.8736,-76.5522,28.02,102.01,-9999,-9999,-9999,-9999,-9999,-9999,-9999,-9999,-9999,-9999,-9999,-9999,-9999,-9999,-9999,0,0,-9999,-9999,-9999,-9999,-9999,-9999,-9999,-9999,-9999,-9999,0,0,-9999,-9999,-9999,-9999,-9999,-9999,-9999,-9999,-9999,-9999,0,0,-9999,-9999,-9999,-9999,-9999,-9999,-9999,-9999,-9999,-9999,0,0,-9999,-9999,-9999,-9999,-9999,-9999,-9999,-9999,-9999,-9999,0,0,0.319,26.9
20210813,113041,225.48,1,1,1,38.8736,-76.5522,28,101.985,584.497,2261.82,34.3642,301.871,34.3664,-1.89729,-0.218685,6.69303,0.797799,0,0.0144587,9.66855e-05,0,2261.82,18.783,1,60,164.732,18.9873,1.20661,0.917412,0,0.116023,0.0881592,799.872,584.497,37.7188,9,60,-0.00701637,-0.000808721,5.1228,0.872661,0,4.05657e-05,2.35338e-05,0,34.3642,19.9037,2,60,-0.00127558,-0.000147026,23.7027,0.185787,0,3.48155e-05,4.27818e-06,0,34.3664,653.285,10,80,-2.84536,-0.327963,1.38039,0.0667886,0,0.00297517,0.318915,300.842,301.871,38.8929,4,60,-9999,0.2408
20210813,113041,225.48,2,1,1,38.8736,-76.5522,28,101.985,-9999,-9999,-9999,-9999,-9999,-9999,-9999,-9999,-9999,-9999,-9999,-9999,-9999,-9999,-9999,0,0,-9999,-9999,-9999,-9999,-9999,-9999,-9999,-9999,-9999,-9999,0,0,-9999,-9999,-9999,-9999,-9999,-9999,-9999,-9999,-9999,-9999,0,0,-9999,-9999,-9999,-9999,-9999,-9999,-9999,-9999,-9999,-9999,0,0,-9999,-9999,-9999,-9999,-9999,-9999,-9999,-9999,-9999,-9999,0,0,-9999,0.2408
20210813,113536,225.483,3,1,1,38.8736,-76.5522,28.13,101.98,555.773,2078.34,34.1199,301.391,34.1104,-1.02047,-0.117638,3.08968,0.93955,0,0.00342234,5.66018e-05,0,2078.34,-27.9916,10,78,9.34105,1.07682,3.08122,0.939915,0,0.0312303,1.07742e-06,1e+06,555.773,-15.4711,10,78,0.0133518,0.00153916,1.21396,0.910307,0,9.62611e-06,0.0177318,34.2067,34.1199,-36.4894,5,78,0.119026,0.0137209,1.04547,0.896409,0,1.40294e-05,0.074227,34.2952,34.1104,2.05437,8,98,-0.0321235,-0.0037031,39.5038,0.0484996,0,0.00146236,0.00187762,299.419,301.391,-50,4,78,0.316,26.9
20210813,113840,225.485,4,1,1,38.8736,-76.5522,28.17,101.975,577.714,2380.44,34.1877,301.193,34.2379,-2.10351,-0.242558,4.58033,0.895933,0,0.0108195,0.000101896,0,2380.44,222.677,10,60,79.3891,9.15441,1.39167,0.939309,0,0.0846045,0.0487026,765.68,577.714,36.3164,10,60,0.0298419,0.00344108,2.55173,0.721172,0,8.01759e-05,0.0323495,34.2941,34.1877,25.4708,3,60,0.353959,0.0408174,1.05944,0.885122,0,8.14132e-05,0.197053,34.445,34.2379,38.8472,10,80,-0.0571471,-0.00659001,45.6201,0.126354,0,0.00300559,0.000288082,278.317,301.193,-42.761,6,60,0.314,26.9
20210813,113840,225.485,1,1,1,38.8736,-76.5522,28.17,101.975,-9999,-9999,-9999,-9999,-9999,-9999,-9999,-9999,-9999,-9999,-9999,-9999,-9999,-9999,-9999,0,0,-9999,-9999,-9999,-9999,-9999,-9999,-9999,-9999,-9999,-9999,0,0,-9999,-9999,-9999,-9999,-9999,-9999,-9999,-9999,-9999,-9999,0,0,-9999,-9999,-9999,-9999,-9999,-9999,-9999,-9999,-9999,-9999,0,0,-9999,-9999,-9999,-9999,-9999,-9999,-9999,-9999,-9999,-9999,0,0,0.314,26.9
20210813,120225,225.502,2,1,1,38.8736,-76.5521,27.97,101.973,497.459,2097.32,34.378,301.039,34.4178,-1.35055,-0.155651,4.3203,0.892755,0,0.00652664,7.42142e-05,0,2097.32,-139.96,10,70,20.8058,2.39787,3.18997,0.902528,0,0.0723071,0.00490739,986.082,497.459,6.44339,9,70,0.00159167,0.00018344,12.2475,0.496858,0,2.23856e-05,1.83447e-10,1e+06,34.378,98.8465,10,70,0.0170908,0.0019698,2.68819,0.819099,0,4.88238e-05,0.0147819,34.551,34.4178,14.6554,4,90,-0.217881,-0.0251118,7.5736,0.227705,0,0.00188383,0.020847,299.835,301.039,5.74578,7,70,0.311,0.0235605
20210813,120529,225.504,3,1,1,38.8735,-76.5521,28,101.968,517.533,2190.7,34.3845,301.919,34.5586,-0.872392,-0.10057,6.62905,0.769196,0,0.00658421,4.5908e-05,0,2190.7,157.45,4,72,25.4491,2.9338,1.47886,0.930823,0,0.0308276,0.0313592,611.088,517.533,30.3957,5,72,-0.0103495,-0.00119311,5.72325,0.818575,0,6.71462e-05,3.4699e-05,0,34.3845,20.0747,2,72,-0.0220292,-0.00254001,4.41293,0.824207,0,0.000108928,0.000506003,29.5388,34.5586,22.9633,9,112,-0.0496897,-0.00572933,33.7158,0.0611649,0,0.00193077,0.000266331,280.407,301.919,-50,7,72,0.316,27.2
20210813,120529,225.504,4,1,1,38.8735,-76.5521,28,101.968,-9999,-9999,-9999,-9999,-9999,-9999,-9999,-9999,-9999,-9999,-9999,-9999,-9999,-9999,-9999,0,0,-9999,-9999,-9999,-9999,-9999,-9999,-9999,-9999,-9999,-9999,0,0,-9999,-9999,-9999,-9999,-9999,-9999,-9999,-9999,-9999,-9999,0,0,-9999,-9999,-9999,-9999,-9999,-9999,-9999,-9999,-9999,-9999,0,0,-9999,-9999,-9999,-9999,-9999,-9999,-9999,-9999,-9999,-9999,0,0,0.316,27.2
20210813,123041,225.521,1,1,1,38.8736,-76.5522,27.93,101.967,595.206,2194.74,34.6469,302.693,34.9118,-1.41614,-0.163251,7.00555,0.782273,0,0.0113097,7.43828e-05,0,2194.74,-6.73266,3,60,142.852,16.4678,1.24147,0.919111,0,0.111484,0.0817964,796.532,595.206,37.8721,9,60,-0.023517,-0.00271101,6.78243,0.793369,0,0.000181695,7.82467e-05,0,34.6469,17.1519,2,60,-0.0452771,-0.00522092,5.91649,0.790862,0,0.000304079,0.000149546,0,34.9118,17.8468,2,80,-0.0359633,-0.00414694,85.5203,0.0230282,0,0.00354621,1.37002e-05,0,302.693,-164.971,7,60,-9999,0.241773
20210813,123041,225.521,2,1,1,38.8736,-76.5522,27.93,101.967,-9999,-9999,-9999,-9999,-9999,-9999,-9999,-9999,-9999,-9999,-9999,-9999,-9999,-9999,-9999,0,0,-9999,-9999,-9999,-9999,-9999,-9999,-9999,-9999,-9999,-9999,0,0,-9999,-9999,-9999,-9999,-9999,-9999,-9999,-9999,-9999,-9999,0,0,-9999,-9999,-9999,-9999,-9999,-9999,-9999,-9999,-9999,-9999,0,0,-9999,-9999,-9999,-9999,-9999,-9999,-9999,-9999,-9999,-9999,0,0,-9999,0.241773
20210813,123536,225.525,3,1,1,38.8736,-76.5523,27.87,101.973,634.702,2187.57,34.4759,301.839,34.6839,-1.18276,-0.136298,3.07473,0.940172,0,0.00394347,6.23055e-05,0,2187.57,-16.9329,10,78,9.0937,1.04793,3.13719,0.937586,0,0.0310142,1.0486e-06,1e+06,634.702,4.0869,10,78,-0.00693963,-0.000799704,3.53167,0.920336,0,2.6989e-05,2.31961e-05,0,34.4759,11.7132,10,78,-0.0114092,-0.00131505,4.03044,0.872951,0,5.1205e-05,3.79151e-05,0,34.6839,-4.19901,10,98,-0.00345579,-0.000398322,371.639,0.000951852,0,0.00148031,1.31965e-06,0,301.839,87.7395,2,78,0.316,27.2
20210813,123840,225.527,4,1,1,38.8737,-76.5523,27.84,101.977,614.843,2190.44,34.5086,301.737,34.7824,-8.95465,-1.03173,1.33487,0.935208,0,0.00862667,0.0601041,2173.27,2190.44,38.1882,6,60,75.9647,8.75248,1.33573,0.931321,0,0.0733024,0.0619947,756.024,614.843,38.2883,9,60,-0.0204322,-0.00235415,5.62947,0.849268,0,0.000130242,6.82193e-05,0,34.5086,28.2675,6,60,-0.042709,-0.00492223,4.98204,0.843833,0,0.000239819,0.000141515,0,34.7824,26.062,2,80,-0.047109,-0.00542933,60.0889,0.0842467,0,0.00326194,0.000316598,284.588,301.737,-38.2374,6,60,0.314,26.9987
20210813,123840,225.527,1,1,1,38.8737,-76.5523,27.84,101.977,-9999,-9999,-9999,-9999,-9999,-9999,-9999,-9999,-9999,-9999,-9999,-9999,-9999,-9999,-9999,0,0,-9999,-9999,-9999,-9999,-9999,-9999,-9999,-9999,-9999,-9999,0,0,-9999,-9999,-9999,-9999,-9999,-9999,-9999,-9999,-9999,-9999,0,0,-9999,-9999,-9999,-9999,-9999,-9999,-9999,-9999,-9999,-9999,0,0,-9999,-9999,-9999,-9999,-9999,-9999,-9999,-9999,-9999,-9999,0,0,0.314,26.9987
20210813,130225,225.543,2,1,1,38.8736,-76.5522,27.36,101.966,562.248,2087.63,33.3307,300.769,33.0092,-1.03793,-0.119263,4.27185,0.89543,0,0.00494122,5.71286e-05,0,2087.63,-63.77,10,70,21.1836,2.43411,3.49946,0.903356,0,0.0813258,0.00207703,1734.17,562.248,-17.6525,2,70,0.0300701,0.00345522,2.55478,0.886806,0,8.06153e-05,0.00792868,33.7665,33.3307,-15.0957,4,70,0.0516135,0.0059287,2.99972,0.860077,0,0.000166795,0.00432888,34.3787,33.0092,-32.5215,3,90,-0.0411955,-0.00473202,45.6373,0.0659828,0,0.002159,1.57331e-05,0,300.769,-70.8037,10,70,0.310121,0.023
20210813,130529,225.545,3,1,1,38.8736,-76.5522,27.41,101.966,538.076,2258.9,33.277,300.799,32.8231,-2.00634,-0.230565,9.2429,0.619303,0,0.0211754,0.000457235,1754.64,2258.9,29.7033,8,72,23.6744,2.72062,2.28494,0.857704,0,0.0553406,0.0135998,738.124,538.076,7.48342,10,72,0.0548003,0.00629757,1.96089,0.821207,0,0.000104657,0.0254289,33.5246,33.277,20.0617,10,72,0.153678,0.0176522,1.43259,0.85867,0,0.000173765,0.0242572,33.5509,32.8231,12.0509,10,112,0.0131923,0.00151533,120.551,0.00973512,0,0.00182668,1.51578e-09,1e+06,300.799,189.975,2,72,0.316,26.9
20210813,130529,225.545,4,1,1,38.8736,-76.5522,27.41,101.966,-9999,-9999,-9999,-9999,-9999,-9999,-9999,-9999,-9999,-9999,-9999,-9999,-9999,-9999,-9999,0,0,-9999,-9999,-9999,-9999,-9999,-9999,-9999,-9999,-9999,-9999,0,0,-9999,-9999,-9999,-9999,-9999,-9999,-9999,-9999,-9999,-9999,0,0,-9999,-9999,-9999,-9999,-9999,-9999,-9999,-9999,-9999,-9999,0,0,-9999,-9999,-9999,-9999,-9999,-9999,-9999,-9999,-9999,-9999,0,0,0.316,26.9
20210813,133041,225.563,1,1,1,38.8736,-76.5521,27.08,101.948,529.7,2256.72,33.4306,301.042,33.1298,-0.831684,-0.0955026,3.13874,0.951549,0,0.00282789,4.23192e-05,0,2256.72,226.535,1,60,125.938,14.4616,1.29783,0.913954,0,0.112069,0.0773629,716.631,529.7,38.2548,8,60,-0.103608,-0.0118974,1.10371,0.912665,0,4.36078e-05,0.0935339,33.3034,33.4306,32.8184,5,60,0.0387148,0.00444425,1.72131,0.8886,0,6.09214e-05,0.0517129,33.2157,33.1298,38.8405,10,80,-0.0230146,-0.00264195,108.608,0.0144068,0,0.00286926,8.77603e-06,0,301.042,-167.194,8,60,-9999,0.23828
20210813,133041,225.563,2,1,1,38.8736,-76.5521,27.08,101.948,-9999,-9999,-9999,-9999,-9999,-9999,-9999,-9999,-9999,-9999,-9999,-9999,-9999,-9999,-9999,0,0,-9999,-9999,-9999,-9999,-9999,-9999,-9999,-9999,-9999,-9999,0,0,-9999,-9999,-9999,-9999,-9999,-9999,-9999,-9999,-9999,-9999,0,0,-9999,-9999,-9999,-9999,-9999,-9999,-9999,-9999,-9999,-9999,0,0,-9999,-9999,-9999,-9999,-9999,-9999,-9999,-9999,-9999,-9999,0,0,-9999,0.23828
20210813,133536,225.566,3,1,1,38.8737,-76.5521,27.2,101.946,501.29,2102.59,33.0597,300.486,32.8548,-1.0802,-0.124059,3.08749,0.93964,0,0.00360598,5.9003e-05,0,2102.59,-54.1947,10,78,8.93118,1.02573,3.11176,0.938655,0,0.0300788,1.02624e-06,1e+06,501.29,-12.4883,10,78,0.0146976,0.00168799,2.86557,0.940214,0,4.5065e-05,0.00093037,34.874,33.0597,-18.3582,2,78,0.0227102,0.00260767,3.18853,0.919798,0,7.85895e-05,2.60776e-09,1e+06,32.8548,-40.8251,10,98,-0.0043717,-0.000501975,277.712,0.00170331,0,0.00139404,1.67055e-06,0,300.486,-389.762,5,78,0.316,26.7727
20210813,133840,225.569,4,1,1,38.8737,-76.5521,27.25,101.942,510.377,2155.61,33.1914,300.356,33.0293,-0.993662,-0.114145,7.06489,0.76986,0,0.0079762,5.29525e-05,0,2155.61,440.807,10,60,57.9903,6.66153,1.41615,0.930793,0,0.0639532,0.0545659,632.459,510.377,38.1051,10,60,0.0302911,0.00347964,2.42769,0.857065,0,7.63134e-05,0.0305835,33.3052,33.1914,35.0828,10,60,0.093574,0.0107474,1.4872,0.879627,0,0.000114142,0.0528892,33.2326,33.0293,34.6256,10,80,-0.0743251,-0.00853653,32.8395,0.137968,0,0.00280194,2.84214e-05,0,300.356,-10.6317,10,60,0.312,26.7
20210813,133840,225.569,1,1,1,38.8737,-76.5521,27.25,101.942,-9999,-9999,-9999,-9999,-9999,-9999,-9999,-9999,-9999,-9999,-9999,-9999,-9999,-9999,-9999,0,0,-9999,-9999,-9999,-9999,-9999,-9999,-9999,-9999,-9999,-9999,0,0,-9999,-9999,-9999,-9999,-9999,-9999,-9999,-9999,-9999,-9999,0,0,-9999,-9999,-9999,-9999,-9999,-9999,-9999,-9999,-9999,-9999,0,0,-9999,-9999,-9999,-9999,-9999,-9999,-9999,-9999,-9999,-9999,0,0,0.312,26.7
20210813,140225,225.585,2,1,1,38.8735,-76.5523,28.63,101.903,525.594,2057.6,34.4678,300.475,34.4789,-1.1423,-0.132058,4.15472,0.900852,0,0.00531162,6.41805e-05,0,2057.6,-53.5691,10,70,17.8317,2.06146,3.87901,0.902264,0,0.0770309,0.000940349,2717.82,525.594,-4.75671,2,70,0.028696,0.00331745,3.5318,0.8959,0,0.000111961,0.00327767,35.4799,34.4678,2.66304,2,70,0.0454536,0.0052548,3.36717,0.865528,0,0.00016827,0.00347194,35.9924,34.4789,-12.7576,2,90,-0.0401246,-0.00463872,40.4816,0.0823971,0,0.00187721,1.5438e-05,0,300.475,-57.4981,10,70,0.310044,0.023
20210813,140529,225.587,3,1,1,38.8736,-76.5522,28.89,101.895,528.192,2108.08,34.6617,300.343,34.6459,18.8701,2.18387,1.76671,0.149124,0,0.0311738,0.0342368,2171.87,2108.08,-24.8553,10,72,20.653,2.39021,1.53351,0.940955,0,0.0269153,0.0272215,615.998,528.192,31.63,5,72,0.0333147,0.00385557,1.41347,0.903005,0,3.68662e-05,0.0446448,34.7481,34.6617,31.829,5,72,0.0461318,0.00533882,1.51462,0.872449,0,5.87378e-05,0.025499,34.8552,34.6459,21.203,10,112,-0.0154856,-0.00179214,96.2784,0.0151798,0,0.00172534,5.96698e-06,0,300.343,38.5305,2,72,0.317595,27.257
20210813,140529,225.587,4,1,1,38.8736,-76.5522,28.89,101.895,-9999,-9999,-9999,-9999,-9999,-9999,-9999,-9999,-9999,-9999,-9999,-9999,-9999,-9999,-9999,0,0,-9999,-9999,-9999,-9999,-9999,-9999,-9999,-9999,-9999,-9999,0,0,-9999,-9999,-9999,-9999,-9999,-9999,-9999,-9999,-9999,-9999,0,0,-9999,-9999,-9999,-9999,-9999,-9999,-9999,-9999,-9999,-9999,0,0,-9999,-9999,-9999,-9999,-9999,-9999,-9999,-9999,-9999,-9999,0,0,0.317595,27.257
20210813,143041,225.605,1,1,1,38.8736,-76.5522,29.37,101.824,533.699,2084.33,35.5084,301.958,35.5079,-1.13775,-0.132094,5.62379,0.849539,0,0.00730022,6.3375e-05,0,2084.33,19.1273,2,60,133.615,15.5129,1.2371,0.926371,0,0.103574,0.0779932,732.599,533.699,37.5567,9,60,-0.0016041,-0.000186238,10.7874,0.5993,0,1.99964e-05,5.24491e-06,0,35.5084,183.322,10,60,0.00077825,9.03561e-05,31.3966,0.115202,0,2.83531e-05,9.03593e-11,1e+06,35.5079,-1137.82,10,80,-0.0814518,-0.00945668,32.8695,0.137722,0,0.00310681,3.13178e-05,0,301.958,-64.7943,10,60,-9999,0.237813
20210813,143041,225.605,2,1,1,38.8736,-76.5522,29.37,101.824,-9999,-9999,-9999,-9999,-9999,-9999,-9999,-9999,-9999,-9999,-9999,-9999,-9999,-9999,-9999,0,0,-9999,-9999,-9999,-9999,-9999,-9999,-9999,-9999,-9999,-9999,0,0,-9999,-9999,-9999,-9999,-9999,-9999,-9999,-9999,-9999,-9999,0,0,-9999,-9999,-9999,-9999,-9999,-9999,-9999,-9999,-9999,-9999,0,0,-9999,-9999,-9999,-9999,-9999,-9999,-9999,-9999,-9999,-9999,0,0,-9999,0.237813
20210813,143536,225.608,3,1,1,38.8736,-76.5522,29.29,101.814,539.069,2084.01,35.6019,301.33,35.7082,-3.38855,-0.39338,3.67704,0.0160006,0,0.0138723,0.0630809,2077.77,2084.01,0.633304,3,78,8.27215,0.960325,3.33467,0.929137,0,0.0304215,9.60843e-07,1e+06,539.069,22.2968,10,78,-0.00320356,-0.000371905,4.80827,0.856559,0,1.74576e-05,1.04462e-05,0,35.6019,-34.0583,10,78,-0.0060871,-0.000706736,4.2858,0.857689,0,2.93812e-05,1.9792e-05,0,35.7082,-48.5987,10,98,-0.0166503,-0.00193317,78.6585,0.00707734,0,0.00152047,0.000732422,298.691,301.33,-49.6203,3,78,0.316,28
20210813,143840,225.61,4,1,1,38.8736,-76.5522,29.55,101.813,531.948,2083.5,35.5314,301.5,35.5262,-6.44426,-0.748692,1.48508,0.929111,0,0.00792613,0.0521848,2069.16,2083.5,38.8203,7,60,64.6826,7.51481,1.41087,0.923031,0,0.0715235,0.0597665,657.684,531.948,38.6968,9,60,-0.0584091,-0.00678595,1.19464,0.882435,0,3.97118e-05,0.075116,35.4411,35.5314,32.7219,4,60,-0.0842449,-0.00978749,1.1186,0.919657,0,3.99478e-05,0.07762,35.4001,35.5262,31.9174,5,80,-0.124975,-0.0145195,22.402,0.24598,0,0.00324915,0.000380177,263.308,301.5,-4.70381,10,60,0.314,28
20210813,143840,225.61,1,1,1,38.8736,-76.5522,29.55,101.813,-9999,-9999,-9999,-9999,-9999,-9999,-9999,-9999,-9999,-9999,-9999,-9999,-9999,-9999,-9999,0,0,-9999,-9999,-9999,-9999,-9999,-9999,-9999,-9999,-9999,-9999,0,0,-9999,-9999,-9999,-9999,-9999,-9999,-9999,-9999,-9999,-9999,0,0,-9999,-9999,-9999,-9999,-9999,-9999,-9999,-9999,-9999,-9999,0,0,-9999,-9999,-9999,-9999,-9999,-9999,-9999,-9999,-9999,-9999,0,0,0.314,28
20210813,150225,225.627,2,1,1,38.8736,-76.5522,29.5,101.773,545.739,2040.74,35.6554,301.038,35.3495,-1.03011,-0.119725,4.40495,0.889222,0,0.00512417,5.86673e-05,0,2040.74,-28.2489,10,70,16.1197,1.87352,3.88157,0.897231,0,0.0700532,0.00161803,1703.64,545.739,7.5206,2,70,0.0389607,0.00452823,3.87142,0.913629,0,0.00016884,4.5284e-09,1e+06,35.6554,27.5266,10,70,0.0788694,0.00916373,3.81669,0.879105,0,0.000336468,0.00192357,40.1134,35.3495,25.1123,9,90,-0.0844477,-0.00981187,21.2898,0.245441,0,0.00208643,3.25935e-05,0,301.038,-20.3392,2,70,0.309,0.023
20210813,150529,225.629,3,1,1,38.8736,-76.5522,29.49,101.78,553.597,2042.19,35.8175,301.138,35.5869,-0.831317,-0.0966281,4.34537,0.889252,0,0.00407638,4.73158e-05,0,2042.19,40.2791,10,72,14.4924,1.68453,1.74134,0.947875,0,0.0235042,0.0226176,628.076,553.597,37.9675,5,72,-0.0031225,-0.000362944,22.0153,0.227978,0,7.98138e-05,1.01331e-05,0,35.8175,-300.126,3,72,0.00356869,0.000414707,8.57133,0.556729,0,3.52824e-05,4.14722e-10,1e+06,35.5869,475.296,4,112,-0.0485166,-0.00563798,32.1092,0.121835,0,0.00180936,1.87222e-05,0,301.138,-4.54522,1,72,0.31619,28
20210813,150529,225.629,4,1,1,38.8736,-76.5522,29.49,101.78,-9999,-9999,-9999,-9999,-9999,-9999,-9999,-9999,-9999,-9999,-9999,-9999,-9999,-9999,-9999,0,0,-9999,-9999,-9999,-9999,-9999,-9999,-9999,-9999,-9999,-9999,0,0,-9999,-9999,-9999,-9999,-9999,-9999,-9999,-9999,-9999,-9999,0,0,-9999,-9999,-9999,-9999,-9999,-9999,-9999,-9999,-9999,-9999,0,0,-9999,-9999,-9999,-9999,-9999,-9999,-9999,-9999,-9999,-9999,0,0,0.31619,28
20210813,153041,225.646,1,1,1,38.8736,-76.5522,29.7,101.768,554.831,2091.32,36.3739,301.991,36.4166,-1.58002,-0.183911,6.89189,0.787941,0,0.0125292,8.794e-05,0,2091.32,0.52046,10,60,143.113,16.658,1.23246,0.920119,0,0.109667,0.0808529,760.86,554.831,37.4237,9,60,-0.00803196,-0.000934901,8.78979,0.6936,0,8.15965e-05,2.57025e-05,0,36.3739,-7.71607,2,60,-0.0538498,-0.00626826,1.13751,0.914922,0,2.86137e-05,0.121096,36.3649,36.4166,39.0796,10,80,-0.064634,-0.00752358,46.4712,0.0739665,0,0.00349542,2.49132e-05,0,301.991,-76.5984,10,60,-9999,0.23668
20210813,153041,225.646,2,1,1,38.8736,-76.5522,29.7,101.768,-9999,-9999,-9999,-9999,-9999,-9999,-9999,-9999,-9999,-9999,-9999,-9999,-9999,-9999,-9999,0,0,-9999,-9999,-9999,-9999,-9999,-9999,-9999,-9999,-9999,-9999,0,0,-9999,-9999,-9999,-9999,-9999,-9999,-9999,-9999,-9999,-9999,0,0,-9999,-9999,-9999,-9999,-9999,-9999,-9999,-9999,-9999,-9999,0,0,-9999,-9999,-9999,-9999,-9999,-9999,-9999,-9999,-9999,-9999,0,0,-9999,0.23668
20210813,153536,225.65,3,1,1,38.8737,-76.5521,29.63,101.762,546.104,2062.13,35.9923,301.408,35.8617,-1.02047,-0.118705,3.0829,0.939853,0,0.00344424,5.75645e-05,0,2062.13,-12.449,10,78,8.36148,0.972639,3.23777,0.933339,0,0.0298167,9.7317e-07,1e+06,546.104,14.1382,10,78,0.000715264,8.32023e-05,13.6507,0.415292,0,1.13245e-05,8.32053e-11,1e+06,35.9923,1195.94,8,78,0.00757098,0.000880566,3.83198,0.884529,0,3.24719e-05,8.80598e-10,1e+06,35.8617,157.302,10,98,-0.0325469,-0.00378547,41.6811,0.0704538,0,0.00157733,1.25593e-05,0,301.408,-44.7157,1,78,0.316212,28
20210813,153840,225.652,4,1,1,38.8737,-76.5522,29.64,101.763,549.991,2070.86,35.7948,301.262,35.6041,-7.3717,-0.857392,1.415,0.925721,0,0.0082088,0.0638432,2057.43,2070.86,40.8469,7,59,49.0372,5.70345,1.49173,0.933376,0,0.0608873,0.0581683,648.042,549.991,42.0519,9,59,0.00261168,0.000303762,9.26591,0.674219,0,2.79678e-05,3.03773e-10,1e+06,35.7948,260.963,10,59,0.014026,0.00163103,5.86209,0.79392,0,9.409e-05,1.63109e-09,1e+06,35.6041,80.4054,10,80,-0.105305,-0.0122455,29.781,0.174367,0,0.00364461,0.000365841,267.789,301.262,-4.74611,8,59,0.312,28.028
20210813,153840,225.652,1,1,1,38.8737,-76.5522,29.64,101.763,-9999,-9999,-9999,-9999,-9999,-9999,-9999,-9999,-9999,-9999,-9999,-9999,-9999,-9999,-9999,0,0,-9999,-9999,-9999,-9999,-9999,-9999,-9999,-9999,-9999,-9999,0,0,-9999,-9999,-9999,-9999,-9999,-9999,-9999,-9999,-9999,-9999,0,0,-9999,-9999,-9999,-9999,-9999,-9999,-9999,-9999,-9999,-9999,0,0,-9999,-9999,-9999,-9999,-9999,-9999,-9999,-9999,-9999,-9999,0,0,0.312,28.028
20210813,160225,225.668,2,1,1,38.8737,-76.5522,29.43,101.751,536.332,2050.04,35.7643,301.191,35.5157,-0.97501,-0.113334,4.33731,0.893828,0,0.00477167,5.52838e-05,0,2050.04,-15.3391,10,69,19.3355,2.24754,3.39805,0.897493,0,0.0726926,0.00446501,1039.7,536.332,8.38233,9,69,0.0307011,0.00356867,3.89561,0.889395,0,0.000133955,0.00303005,36.9421,35.7643,18.962,2,69,0.047678,0.00554061,4.18471,0.867779,0,0.000224554,0.000436796,48.2004,35.5157,6.5691,2,90,-0.0838452,-0.00974356,22.6335,0.225985,0,0.00220297,3.23501e-05,0,301.191,-36.589,2,69,0.307878,0.0225222
20210813,160529,225.67,3,1,1,38.8737,-76.5521,29.37,101.754,566.49,2045.35,35.807,300.896,35.5982,-0.882316,-0.102535,5.55361,0.831766,0,0.00559323,5.01306e-05,0,2045.35,11.3609,10,70,17.2188,2.00101,1.5946,0.949333,0,0.0241521,0.0275279,639.18,566.49,37.487,5,70,-0.175977,-0.0204505,1.06725,0.896807,0,4.71292e-05,0.134924,35.6555,35.807,32.3349,10,70,-0.130884,-0.0152068,1.06681,0.840786,0,3.47388e-05,0.0872277,35.4239,35.5982,24.208,10,112,-0.0257194,-0.00298823,66.5541,0.0315177,0,0.00198854,0.000278087,290.15,300.896,-39.057,6,70,0.316792,28.0623
20210813,160529,225.67,4,1,1,38.8737,-76.5521,29.37,101.754,-9999,-9999,-9999,-9999,-9999,-9999,-9999,-9999,-9999,-9999,-9999,-9999,-9999,-9999,-9999,0,0,-9999,-9999,-9999,-9999,-9999,-9999,-9999,-9999,-9999,-9999,0,0,-9999,-9999,-9999,-9999,-9999,-9999,-9999,-9999,-9999,-9999,0,0,-9999,-9999,-9999,-9999,-9999,-9999,-9999,-9999,-9999,-9999,0,0,-9999,-9999,-9999,-9999,-9999,-9999,-9999,-9999,-9999,-9999,0,0,0.316792,28.0623
20210813,163041,225.688,1,1,1,38.8737,-76.5521,29.75,101.696,556.817,2034.03,36.0831,301.922,35.8185,-10.5282,-1.22609,1.17937,0.892749,0,0.00676197,0.110547,2022.94,2034.03,39.2028,5,59,55.758,6.49343,2.50665,0.804832,0,0.148024,0.0344858,745.109,556.817,32.6276,4,59,0.0465267,0.00541837,2.65649,0.918826,0,0.000132392,0.0192959,36.3639,36.0831,40.4107,10,59,0.125121,0.0145672,2.03677,0.91811,0,0.000254892,0.0231353,36.4482,35.8185,34.378,10,80,-0.144017,-0.0167672,21.8106,0.26992,0,0.00365285,5.55349e-05,0,301.922,-25.0804,10,59,-9999,0.235811
20210813,163041,225.688,2,1,1,38.8737,-76.5521,29.75,101.696,-9999,-9999,-9999,-9999,-9999,-9999,-9999,-9999,-9999,-9999,-9999,-9999,-9999,-9999,-9999,0,0,-9999,-9999,-9999,-9999,-9999,-9999,-9999,-9999,-9999,-9999,0,0,-9999,-9999,-9999,-9999,-9999,-9999,-9999,-9999,-9999,-9999,0,0,-9999,-9999,-9999,-9999,-9999,-9999,-9999,-9999,-9999,-9999,0,0,-9999,-9999,-9999,-9999,-9999,-9999,-9999,-9999,-9999,-9999,0,0,-9999,0.235811
20210813,163536,225.691,3,1,1,38.8737,-76.5521,29.4,101.691,546.812,2027.9,35.7996,300.889,35.533,-1.05154,-0.122297,3.1721,0.936921,0,0.00366382,6.03074e-05,0,2027.9,-0.729744,10,77,9.06302,1.05405,3.21897,0.934964,0,0.0321004,1.05463e-06,1e+06,546.812,2.94204,10,77,-0.00399877,-0.000465068,3.21084,0.935303,0,1.41233e-05,1.29909e-05,0,35.7996,-124.411,10,77,-0.00395601,-0.000459967,3.68977,0.892616,0,1.628e-05,1.29448e-05,0,35.533,-206.5,10,98,-0.0490937,-0.00570815,29.6134,0.0262418,0,0.00168933,0.00753698,300.132,300.889,-50,6,77,0.315674,28
20210813,163840,225.694,4,1,1,38.8737,-76.5521,29.27,101.673,570.816,2037.98,35.8447,300.519,35.6589,-6.34133,-0.737334,1.45891,0.932799,0,0.00752273,0.0559101,2024.79,2037.98,40.4974,7,59,64.1939,7.46411,1.38562,0.926773,0,0.0681018,0.0616176,691.952,570.816,39.5784,10,59,-0.0895079,-0.0104075,1.27588,0.910727,0,7.65058e-05,0.0888544,35.7276,35.8447,41.1223,5,59,-0.123872,-0.0144004,1.17487,0.927718,0,7.79277e-05,0.0909458,35.5005,35.6589,39.607,10,80,-0.0772567,-0.00898124,36.5263,0.117171,0,0.00327918,0.000395807,277.828,300.519,14.0682,9,59,0.311627,28
20210813,163840,225.694,1,1,1,38.8737,-76.5521,29.27,101.673,-9999,-9999,-9999,-9999,-9999,-9999,-9999,-9999,-9999,-9999,-9999,-9999,-9999,-9999,-9999,0,0,-9999,-9999,-9999,-9999,-9999,-9999,-9999,-9999,-9999,-9999,0,0,-9999,-9999,-9999,-9999,-9999,-9999,-9999,-9999,-9999,-9999,0,0,-9999,-9999,-9999,-9999,-9999,-9999,-9999,-9999,-9999,-9999,0,0,-9999,-9999,-9999,-9999,-9999,-9999,-9999,-9999,-9999,-9999,0,0,0.311627,28
20210813,170225,225.71,2,1,1,38.8736,-76.5521,29.1,101.718,548.174,2018.23,35.4134,300.911,35.1938,-0.930855,-0.108072,4.0242,0.905588,0,0.00420058,5.3548e-05,0,2018.23,-22.3031,10,71,21.916,2.54444,3.09728,0.900019,0,0.0742105,0.00506948,1050.09,548.174,0.479385,9,71,0.0190228,0.00220854,3.70849,0.865444,0,7.8601e-05,0.00564699,35.8045,35.4134,12.9772,2,71,0.029318,0.00340303,4.14813,0.862209,0,0.000136632,0.000885052,39.0388,35.1938,5.90089,2,91,-0.134708,-0.015636,11.5338,0.228039,0,0.00179605,0.00831318,299.03,300.911,-16.9517,4,71,0.307424,0.0225544
20210813,170529,225.712,3,1,1,38.8736,-76.5522,29.13,101.733,591.942,2072.4,35.5045,301.126,35.4034,-4.31089,-0.500526,1.33265,0.928549,0,0.00415603,0.0366168,2058.73,2072.4,27.7597,5,71,25.17,2.92242,1.46113,0.935246,0,0.029923,0.0336213,678.863,591.942,32.8819,5,71,-0.0173724,-0.00201706,9.75397,0.606599,0,0.000195617,5.68113e-05,0,35.5045,-32.6712,1,71,-0.234016,-0.0271681,1.07521,0.92242,0,7.16662e-05,0.0812556,35.0691,35.4034,29.438,7,111,-0.0111706,-0.00129685,154.78,0.0060133,0,0.00200722,4.30667e-06,0,301.126,-199.449,5,71,0.315,28
20210813,170529,225.712,4,1,1,38.8736,-76.5522,29.13,101.733,-9999,-9999,-9999,-9999,-9999,-9999,-9999,-9999,-9999,-9999,-9999,-9999,-9999,-9999,-9999,0,0,-9999,-9999,-9999,-9999,-9999,-9999,-9999,-9999,-9999,-9999,0,0,-9999,-9999,-9999,-9999,-9999,-9999,-9999,-9999,-9999,-9999,0,0,-9999,-9999,-9999,-9999,-9999,-9999,-9999,-9999,-9999,-9999,0,0,-9999,-9999,-9999,-9999,-9999,-9999,-9999,-9999,-9999,-9999,0,0,0.315,28
20210813,173041,225.73,1,1,1,38.8736,-76.5521,28.15,101.75,513.481,2048.68,34.6027,301.692,34.1542,-12.6,-1.45662,1.13664,0.893138,0,0.0065958,0.0942995,2033.24,2048.68,35.0365,5,60,140.648,16.2596,1.2651,0.912793,0,0.116523,0.0806173,715.17,513.481,38.8359,9,60,-0.000670541,-7.75181e-05,19.3571,0.315216,0,1.49835e-05,2.24024e-06,0,34.6027,-792.492,10,60,0.128707,0.0148723,1.42712,0.901773,0,0.00014494,0.0553258,34.423,34.1542,36.1128,10,80,-0.0952117,-0.0110019,31.2357,0.150292,0,0.00343459,3.64672e-05,0,301.692,-72.9062,10,60,-9999,0.235303
20210813,173041,225.73,2,1,1,38.8736,-76.5521,28.15,101.75,-9999,-9999,-9999,-9999,-9999,-9999,-9999,-9999,-9999,-9999,-9999,-9999,-9999,-9999,-9999,0,0,-9999,-9999,-9999,-9999,-9999,-9999,-9999,-9999,-9999,-9999,0,0,-9999,-9999,-9999,-9999,-9999,-9999,-9999,-9999,-9999,-9999,0,0,-9999,-9999,-9999,-9999,-9999,-9999,-9999,-9999,-9999,-9999,0,0,-9999,-9999,-9999,-9999,-9999,-9999,-9999,-9999,-9999,-9999,0,0,-9999,0.235303
20210813,173536,225.733,3,1,1,38.8737,-76.5522,28.13,101.759,571.832,1995.73,34.185,300.19,33.97,-0.997215,-0.115214,3.17985,0.9358,0,0.00346116,5.77301e-05,0,1995.73,-24.9626,10,78,9.41833,1.08815,3.21265,0.934421,0,0.0330669,1.08878e-06,1e+06,571.832,-15.6932,10,78,-0.000268417,-3.10118e-05,23.9441,0.186954,0,7.41846e-06,9.07177e-07,0,34.185,179.526,2,78,0.00291675,0.000336913,4.79603,0.826183,0,1.57722e-05,3.36925e-10,1e+06,33.97,-14.0136,10,98,0.00893861,0.0010325,142.385,0.00808187,0,0.00147008,9.26608e-05,311.333,300.19,50,3,78,0.314626,27.8
20210813,173840,225.735,4,1,1,38.8737,-76.5521,28,101.777,603.879,2001.14,34.0589,300.328,33.7949,-10.0608,-1.16158,1.27535,0.923266,0,0.00853612,0.0705158,1984.66,2001.14,38.7889,6,60,89.4076,10.3227,1.27356,0.923947,0,0.0755384,0.0673728,757.096,603.879,37.9394,10,60,0.0316573,0.00365504,1.97131,0.81173,0,6.11563e-05,0.0434382,34.143,34.0589,33.3896,10,60,0.151802,0.0175217,1.11375,0.927887,0,6.87544e-05,0.102869,33.9652,33.7949,38.3436,10,80,-0.0372985,-0.00430517,77.2926,0.0315416,0,0.00332728,0.000313331,286.588,300.328,-26.2139,6,60,0.309675,27.5
20210813,173840,225.735,1,1,1,38.8737,-76.5521,28,101.777,-9999,-9999,-9999,-9999,-9999,-9999,-9999,-9999,-9999,-9999,-9999,-9999,-9999,-9999,-9999,0,0,-9999,-9999,-9999,-9999,-9999,-9999,-9999,-9999,-9999,-9999,0,0,-9999,-9999,-9999,-9999,-9999,-9999,-9999,-9999,-9999,-9999,0,0,-9999,-9999,-9999,-9999,-9999,-9999,-9999,-9999,-9999,-9999,0,0,-9999,-9999,-9999,-9999,-9999,-9999,-9999,-9999,-9999,-9999,0,0,0.309675,27.5
20210813,180225,225.752,2,1,1,38.8736,-76.5522,27.45,101.863,484.72,1977.11,32.4385,300.256,31.5233,-0.772839,-0.088842,3.76431,0.917166,0,0.00321368,4.49354e-05,0,1977.11,-52.772,10,71,11.0418,1.26931,3.83552,0.91406,0,0.0468547,1.26993e-06,1e+06,484.72,23.8356,10,71,0.0809499,0.00930563,3.81354,0.884152,0,0.000341376,0.00347249,35.1183,32.4385,14.9916,2,71,0.145441,0.0167034,3.49157,0.865512,0,0.000556648,0.00450019,35.235,31.5233,14.216,7,91,-0.202739,-0.0232839,8.20459,0.169887,0,0.00189489,0.0249169,299.322,300.256,9.78277,7,71,0.307,0.023
20210813,180529,225.754,3,1,1,38.8736,-76.5522,27.3,101.901,465.958,1956.61,31.1365,300.358,29.6638,-2.88426,-0.330824,1.37931,0.920757,0,0.002992,0.0361104,1947.45,1956.61,28.1604,7,71,14.8454,1.70276,1.55646,0.939746,0,0.0196962,0.0285867,525.523,465.958,33.8263,5,71,0.321339,0.0368574,1.30511,0.944898,0,0.000289926,0.0483837,31.8983,31.1365,36.2479,8,71,0.143474,0.0164314,4.83947,0.804206,0,0.000776562,1.64318e-08,1e+06,29.6638,16.5566,2,111,-0.0282554,-0.00323596,60.8344,0.0147228,0,0.00196829,0.000268709,288.316,300.358,-50,7,71,0.315,27.2
20210813,180529,225.754,4,1,1,38.8736,-76.5522,27.3,101.901,-9999,-9999,-9999,-9999,-9999,-9999,-9999,-9999,-9999,-9999,-9999,-9999,-9999,-9999,-9999,0,0,-9999,-9999,-9999,-9999,-9999,-9999,-9999,-9999,-9999,-9999,0,0,-9999,-9999,-9999,-9999,-9999,-9999,-9999,-9999,-9999,-9999,0,0,-9999,-9999,-9999,-9999,-9999,-9999,-9999,-9999,-9999,-9999,0,0,-9999,-9999,-9999,-9999,-9999,-9999,-9999,-9999,-9999,-9999,0,0,0.315,27.2
20210813,183041,225.771,1,1,1,38.8736,-76.5522,22.22,102.066,458.22,1960.09,27.2813,300.134,26.6584,-0.0105383,-0.00118165,85.8462,0.0228631,0,0.00101433,6.02853e-07,0,1960.09,-456.7,10,60,1.47789,0.165714,2.88186,0.718908,0,0.0044527,0.011554,472.562,458.22,-30.3774,4,60,0.87467,0.0980759,1.042,0.979509,0,2.20874e-05,1,27.3793,27.2813,43.3991,9,60,0.0441778,0.00495044,1.8336,0.949556,0,7.46983e-05,0.031195,26.8171,26.6584,44.8636,10,80,-0.0816168,-0.00914575,23.4176,0.239552,0,0.0021396,3.04723e-05,0,300.134,17.2213,10,60,-9999,0.600552
20210813,183041,225.771,2,1,1,38.8736,-76.5522,22.22,102.066,-9999,-9999,-9999,-9999,-9999,-9999,-9999,-9999,-9999,-9999,-9999,-9999,-9999,-9999,-9999,0,0,-9999,-9999,-9999,-9999,-9999,-9999,-9999,-9999,-9999,-9999,0,0,-9999,-9999,-9999,-9999,-9999,-9999,-9999,-9999,-9999,-9999,0,0,-9999,-9999,-9999,-9999,-9999,-9999,-9999,-9999,-9999,-9999,0,0,-9999,-9999,-9999,-9999,-9999,-9999,-9999,-9999,-9999,-9999,0,0,-9999,0.600552
20210813,183536,225.775,3,1,1,38.8736,-76.5521,22.22,102.042,480.169,1963.36,27.2851,300.008,26.7186,-0.900956,-0.101053,3.21412,0.933533,0,0.00307256,5.14697e-05,0,1963.36,16.755,10,79,9.46854,1.06201,3.17415,0.935262,0,0.0318418,1.06252e-06,1e+06,480.169,9.05291,10,79,-0.0194568,-0.00218232,3.65737,0.91352,0,7.65077e-05,7.99821e-05,0,27.2851,22.8371,10,79,0.0258736,0.00290035,1.15103,0.865647,0,1.41843e-05,0.0544338,26.7719,26.7186,14.5836,10,99,0.0443253,0.00496873,18.8719,0.0923902,0,0.000936263,0.00905701,300.556,300.008,-6.65174,2,79,0.41264,23.5
20210813,183841,225.777,4,1,1,38.8736,-76.5522,22.01,102.069,457.579,1946.77,27.0097,300.021,26.5016,-6.32843,-0.708859,1.48798,0.930888,0,0.00753122,0.0465781,1931.55,1946.77,36.8073,6,60,46.9994,5.26449,1.62519,0.935607,0,0.0656676,0.0387737,593.353,457.579,37.1634,10,60,-0.125736,-0.0140839,1.04566,0.386139,0,1.26681e-05,0.788419,26.9918,27.0097,41.9314,10,60,0.051492,0.00576469,1.79511,0.918996,0,8.42738e-05,0.0298095,26.695,26.5016,34.6459,10,80,-0.0148734,-0.00166513,98.2254,0.018646,0,0.00163548,0.000324787,294.894,300.021,-38.1308,6,60,0.391908,23.5
20210813,183841,225.777,1,1,1,38.8736,-76.5522,22.01,102.069,-9999,-9999,-9999,-9999,-9999,-9999,-9999,-9999,-9999,-9999,-9999,-9999,-9999,-9999,-9999,0,0,-9999,-9999,-9999,-9999,-9999,-9999,-9999,-9999,-9999,-9999,0,0,-9999,-9999,-9999,-9999,-9999,-9999,-9999,-9999,-9999,-9999,0,0,-9999,-9999,-9999,-9999,-9999,-9999,-9999,-9999,-9999,-9999,0,0,-9999,-9999,-9999,-9999,-9999,-9999,-9999,-9999,-9999,-9999,0,0,0.391908,23.5
20210813,190225,225.793,2,1,1,38.8736,-76.5522,21.97,101.92,568.146,1946.96,27.09,299.653,26.589,-0.528193,-0.0592491,4.03444,0.905136,0,0.00230909,3.04316e-05,0,1946.96,0.891123,10,71,5.18487,0.581604,3.94652,0.909124,0,0.0221368,5.81935e-07,1e+06,568.146,-29.8549,10,71,-0.0377528,-0.00423485,1.10879,0.621829,0,1.59179e-05,0.0768028,27.0349,27.09,5.48301,5,71,0.000766156,8.58979e-05,9.89573,0.537099,0,8.45287e-06,8.59002e-11,1e+06,26.589,559.719,10,91,-0.00856061,-0.000959777,81.5491,0.0213355,0,0.000782626,3.20296e-06,0,299.653,217.973,2,71,0.490413,0.0326413
20210813,190529,225.795,3,1,1,38.8736,-76.5522,22.03,101.906,473.919,1945.18,27.0051,299.831,26.3979,-0.354761,-0.0398043,5.41991,0.836716,0,0.00211701,2.0463e-05,0,1945.18,6.63768,1,71,9.00509,1.01037,1.61411,0.955216,0,0.0124443,0.0240053,516.009,473.919,37.701,5,71,0.000630034,7.06899e-05,11.3246,0.541087,0,7.97134e-06,0.000991102,27.0765,27.0051,50,9,71,0.00779224,0.000873745,4.82408,0.793953,0,4.11527e-05,0.000497349,28.1547,26.3979,10.3756,10,111,-0.083141,-0.0093226,8.81808,4.60202e-05,0,0.000816301,0.0605418,299.677,299.831,-16.2267,2,71,0.411,23.3
20210813,190529,225.795,4,1,1,38.8736,-76.5522,22.03,101.906,-9999,-9999,-9999,-9999,-9999,-9999,-9999,-9999,-9999,-9999,-9999,-9999,-9999,-9999,-9999,0,0,-9999,-9999,-9999,-9999,-9999,-9999,-9999,-9999,-9999,-9999,0,0,-9999,-9999,-9999,-9999,-9999,-9999,-9999,-9999,-9999,-9999,0,0,-9999,-9999,-9999,-9999,-9999,-9999,-9999,-9999,-9999,-9999,0,0,-9999,-9999,-9999,-9999,-9999,-9999,-9999,-9999,-9999,-9999,0,0,0.411,23.3
20210813,193041,225.813,1,1,1,38.8736,-76.5522,22.24,101.935,472.383,1961.92,26.8785,300.471,26.5998,-0.0472658,-0.00530478,15.0374,0.425958,0,0.000795781,0.00044556,1950.02,1961.92,25.9241,10,60,7.1346,0.800738,1.78853,0.952566,0,0.0116345,0.03456,495.552,472.383,43.6074,10,60,-0.00698199,-0.000783609,1.84125,0.928413,0,1.18905e-05,0.0228767,26.8443,26.8785,26.6463,6,60,0.0295625,0.00331694,1.65253,0.936255,0,4.25185e-05,0.0394228,26.6839,26.5998,40.5122,10,80,-0.0544751,-0.00611216,25.0159,0.216303,0,0.00152768,2.03419e-05,0,300.471,-31.0612,10,60,-9999,0.420092
20210813,193041,225.813,2,1,1,38.8736,-76.5522,22.24,101.935,-9999,-9999,-9999,-9999,-9999,-9999,-9999,-9999,-9999,-9999,-9999,-9999,-9999,-9999,-9999,0,0,-9999,-9999,-9999,-9999,-9999,-9999,-9999,-9999,-9999,-9999,0,0,-9999,-9999,-9999,-9999,-9999,-9999,-9999,-9999,-9999,-9999,0,0,-9999,-9999,-9999,-9999,-9999,-9999,-9999,-9999,-9999,-9999,0,0,-9999,-9999,-9999,-9999,-9999,-9999,-9999,-9999,-9999,-9999,0,0,-9999,0.420092
20210813,193536,225.816,3,1,1,38.8736,-76.5521,22.21,101.955,471.156,1966.91,26.8977,300.285,26.6679,-0.338155,-0.0379444,3.27423,0.930943,0,0.0011777,1.92914e-05,0,1966.91,-0.795034,10,79,4.47247,0.501857,3.17874,0.935076,0,0.01507,5.02094e-07,1e+06,471.156,-3.02308,10,79,5.28924e-05,5.93508e-06,113.369,0.010004,0,6.72826e-06,5.93524e-12,1e+06,26.8977,-473.227,8,79,0.00951802,0.00106777,3.34165,0.896836,0,3.38993e-05,0.0016006,27.335,26.6679,15.1183,4,99,-0.0273344,-0.00306647,20.9216,0.122588,0,0.000640758,0.00437806,299.585,300.285,-19.6139,5,79,0.388,23.3
20210813,193841,225.819,4,1,1,38.8736,-76.5522,22.2,101.973,475.985,1966.4,26.9237,299.804,26.728,-3.5955,-0.403338,1.48231,0.928861,0,0.00424999,0.0488254,1958.14,1966.4,37.3338,7,60,42.8596,4.80793,1.44397,0.930422,0,0.0480341,0.0492009,573.706,475.985,36.6427,10,60,0.00742591,0.000833027,1.6496,0.0403047,0,1.06492e-05,0.494052,26.9254,26.9237,41.8995,10,60,0.0292848,0.00328446,1.78738,0.955705,0,4.76845e-05,0.0270478,26.8495,26.728,43.6739,10,80,-0.032454,-0.0036399,40.6951,0.094359,0,0.00148077,1.21409e-05,0,299.804,98.6946,7,60,0.385,23.3
20210813,193841,225.819,1,1,1,38.8736,-76.5522,22.2,101.973,-9999,-9999,-9999,-9999,-9999,-9999,-9999,-9999,-9999,-9999,-9999,-9999,-9999,-9999,-9999,0,0,-9999,-9999,-9999,-9999,-9999,-9999,-9999,-9999,-9999,-9999,0,0,-9999,-9999,-9999,-9999,-9999,-9999,-9999,-9999,-9999,-9999,0,0,-9999,-9999,-9999,-9999,-9999,-9999,-9999,-9999,-9999,-9999,0,0,-9999,-9999,-9999,-9999,-9999,-9999,-9999,-9999,-9999,-9999,0,0,0.385,23.3
20210813,200225,225.835,2,1,1,38.8736,-76.5521,22.12,101.998,476.979,1953.91,26.9057,300.1,26.6983,0.334218,0.0374725,3.54544,0.90193,0,0.00126985,0.00364359,1964.2,1953.91,19.8516,8,71,6.97838,0.782418,3.83257,0.914199,0,0.0288563,7.82791e-07,1e+06,476.979,-1.81512,10,71,-0.00367049,-0.000411536,5.00018,0.858363,0,2.01254e-05,1.52955e-05,0,26.9057,-5.43822,10,71,0.00722866,0.000810307,4.58676,0.815844,0,3.61943e-05,0.00649141,26.8232,26.6983,45.2092,7,91,-0.025321,-0.0028384,24.2138,0.192869,0,0.000686647,0.000308016,290.885,300.1,5.6803,9,71,0.403,0.0294457
20210813,200529,225.837,3,1,1,38.8736,-76.5522,22.12,101.981,477.28,1951.52,26.8435,299.757,26.5978,-1.75393,-0.196679,1.32152,0.913875,0,0.00159728,0.0401737,1946.63,1951.52,27.2494,5,71,13.7097,1.53735,1.42679,0.933633,0,0.0149753,0.0323694,524.774,477.28,29.9386,5,71,-0.00340481,-0.000381802,5.24312,0.84591,0,1.96186e-05,1.42232e-05,0,26.8435,4.96383,2,71,0.0185974,0.00208491,1.19568,0.973212,0,1.2207e-05,0.0347287,26.6578,26.5978,38.3714,6,111,-0.0242534,-0.00271899,26.7225,0.167362,0,0.000726028,0.000218745,287.327,299.757,46.5716,9,71,0.38,23.3
20210813,200529,225.837,4,1,1,38.8736,-76.5522,22.12,101.981,-9999,-9999,-9999,-9999,-9999,-9999,-9999,-9999,-9999,-9999,-9999,-9999,-9999,-9999,-9999,0,0,-9999,-9999,-9999,-9999,-9999,-9999,-9999,-9999,-9999,-9999,0,0,-9999,-9999,-9999,-9999,-9999,-9999,-9999,-9999,-9999,-9999,0,0,-9999,-9999,-9999,-9999,-9999,-9999,-9999,-9999,-9999,-9999,0,0,-9999,-9999,-9999,-9999,-9999,-9999,-9999,-9999,-9999,-9999,0,0,0.38,23.3
20210813,203041,225.855,1,1,1,38.8736,-76.5522,22.42,101.918,471.511,2005.45,27.2438,300.216,26.8816,-43.326,-4.8684,1.04592,0.865253,0,0.00380324,0.301801,1989.32,2005.45,39.3526,5,60,38.4841,4.32433,1.35986,0.933061,0,0.0377327,0.0582535,545.743,471.511,38.012,10,60,-0.0541425,-0.00608382,1.18811,0.922316,0,3.46174e-05,0.0909096,27.1769,27.2438,38.7683,5,60,0.0416419,0.00467743,1.40369,0.934707,0,4.39405e-05,0.0517867,26.9719,26.8816,38.3936,9,80,-0.0420719,-0.00472572,27.4731,0.186178,0,0.00129737,1.5741e-05,0,300.216,-27.1961,10,60,-9999,0.346566
20210813,203041,225.855,2,1,1,38.8736,-76.5522,22.42,101.918,-9999,-9999,-9999,-9999,-9999,-9999,-9999,-9999,-9999,-9999,-9999,-9999,-9999,-9999,-9999,0,0,-9999,-9999,-9999,-9999,-9999,-9999,-9999,-9999,-9999,-9999,0,0,-9999,-9999,-9999,-9999,-9999,-9999,-9999,-9999,-9999,-9999,0,0,-9999,-9999,-9999,-9999,-9999,-9999,-9999,-9999,-9999,-9999,0,0,-9999,-9999,-9999,-9999,-9999,-9999,-9999,-9999,-9999,-9999,0,0,-9999,0.346566
20210813,203536,225.858,3,1,1,38.8737,-76.5522,22.41,101.921,464.753,1953.42,27.1564,299.715,26.9789,-0.406819,-0.0457057,3.16996,0.935452,0,0.00136819,2.33978e-05,0,1953.42,-5.80037,10,79,5.0154,0.563475,3.03829,0.940996,0,0.0160797,5.63737e-07,1e+06,464.753,-10.0308,10,79,0.00323884,0.00036388,3.83553,0.905059,0,1.34308e-05,3.6389e-10,1e+06,27.1564,7.04122,10,79,0.00705803,0.000792817,3.30307,0.91301,0,2.48475e-05,7.92839e-10,1e+06,26.9789,1.51155,10,99,0.00550627,0.000618511,90.1753,0.0105979,0,0.000557706,0.004737,299.845,299.715,24.3374,2,79,0.38,23.3
20210813,203841,225.86,4,1,1,38.8736,-76.5522,22.37,101.927,470.925,1978.01,27.1952,299.701,27.0192,-3.22684,-0.362477,1.56861,0.922699,0,0.00424698,0.0489455,1970.61,1978.01,38.6366,7,60,41.4323,4.65417,1.4844,0.926178,0,0.0491601,0.0477734,568.347,470.925,36.4734,10,60,-0.0779727,-0.00875882,1.05132,0.533803,0,1.15927e-05,0.491629,27.1774,27.1952,41.1441,10,60,0.0284064,0.00319037,1.8868,0.946123,0,5.01636e-05,0.0231604,27.1569,27.0192,39.8667,10,80,-0.00563754,-0.000633161,184.498,0.00717562,0,0.00116815,0.000713594,298.814,299.701,50,3,60,0.382,23.5
20210813,203841,225.86,1,1,1,38.8736,-76.5522,22.37,101.927,-9999,-9999,-9999,-9999,-9999,-9999,-9999,-9999,-9999,-9999,-9999,-9999,-9999,-9999,-9999,0,0,-9999,-9999,-9999,-9999,-9999,-9999,-9999,-9999,-9999,-9999,0,0,-9999,-9999,-9999,-9999,-9999,-9999,-9999,-9999,-9999,-9999,0,0,-9999,-9999,-9999,-9999,-9999,-9999,-9999,-9999,-9999,-9999,0,0,-9999,-9999,-9999,-9999,-9999,-9999,-9999,-9999,-9999,-9999,0,0,0.382,23.5
20210813,210225,225.877,2,1,1,38.8737,-76.5522,22.5,101.899,479.042,1961.11,27.3047,299.787,27.2338,-0.317625,-0.035708,4.13062,0.90072,0,0.00142715,1.82081e-05,0,1961.11,13.2974,10,71,13.1028,1.47305,2.85584,0.891766,0,0.039161,0.00791776,665.086,479.042,2.60553,4,71,0.0046589,0.000523763,3.78836,0.916155,0,1.9075e-05,5.23777e-10,1e+06,27.3047,39.7754,10,71,0.00680792,0.000765303,4.22819,0.835388,0,3.13583e-05,0.00475459,27.3947,27.2338,34.6221,8,91,-0.0341759,-0.00384184,20.0034,0.27507,0,0.000767451,0.00171071,297.541,299.787,29.2478,6,71,0.404,0.03
20210813,210529,225.879,3,1,1,38.8736,-76.5522,22.6,101.896,485.73,1962.87,27.3051,299.988,27.2125,-0.347278,-0.0390562,5.31871,0.841996,0,0.00203694,1.98975e-05,0,1962.87,3.39617,2,71,11.1968,1.25923,1.49071,0.948741,0,0.0134098,0.0276626,531.251,485.73,33.0376,5,71,0.00612545,0.00068889,1.64405,0.920999,0,8.75397e-06,0.0323942,27.3264,27.3051,35.267,6,71,0.0230767,0.00259505,1.19281,0.963937,0,1.5012e-05,0.034599,27.2875,27.2125,33.552,5,111,-0.104861,-0.0117919,6.65022,0.290889,0,0.00077448,0.0206441,299.417,299.988,18.3719,6,71,0.38343,23.5
20210813,210529,225.879,4,1,1,38.8736,-76.5522,22.6,101.896,-9999,-9999,-9999,-9999,-9999,-9999,-9999,-9999,-9999,-9999,-9999,-9999,-9999,-9999,-9999,0,0,-9999,-9999,-9999,-9999,-9999,-9999,-9999,-9999,-9999,-9999,0,0,-9999,-9999,-9999,-9999,-9999,-9999,-9999,-9999,-9999,-9999,0,0,-9999,-9999,-9999,-9999,-9999,-9999,-9999,-9999,-9999,-9999,0,0,-9999,-9999,-9999,-9999,-9999,-9999,-9999,-9999,-9999,-9999,0,0,0.38343,23.5
20210813,213041,225.896,1,1,1,38.8736,-76.5522,22.61,101.926,480.572,1975.79,27.1982,300.399,27.2011,-3.07066,-0.345199,1.13636,0.907336,0,0.00155805,0.0976483,1972.26,1975.79,36.4544,9,60,53.7036,6.03729,1.31224,0.92518,0,0.0480854,0.0649418,573.536,480.572,37.6472,9,60,0.00397859,0.000447268,2.86362,0.960381,0,1.19285e-05,4.4728e-10,1e+06,27.1982,88.2918,7,60,0.0235984,0.00265291,1.80882,0.935264,0,3.92076e-05,0.0253769,27.3056,27.2011,35.4042,10,80,-0.0506514,-0.00569417,25.6081,0.190634,0,0.00145696,0.00057776,290.543,300.399,28.5577,8,60,-9999,0.333408
20210813,213041,225.896,2,1,1,38.8736,-76.5522,22.61,101.926,-9999,-9999,-9999,-9999,-9999,-9999,-9999,-9999,-9999,-9999,-9999,-9999,-9999,-9999,-9999,0,0,-9999,-9999,-9999,-9999,-9999,-9999,-9999,-9999,-9999,-9999,0,0,-9999,-9999,-9999,-9999,-9999,-9999,-9999,-9999,-9999,-9999,0,0,-9999,-9999,-9999,-9999,-9999,-9999,-9999,-9999,-9999,-9999,0,0,-9999,-9999,-9999,-9999,-9999,-9999,-9999,-9999,-9999,-9999,0,0,-9999,0.333408
20210813,213536,225.9,3,1,1,38.8736,-76.5523,22.54,101.94,468.295,1961.58,27.1795,300.237,27.2502,-0.446771,-0.0502085,3.01563,0.941923,0,0.0014207,2.55959e-05,0,1961.58,-48.7107,10,79,4.99715,0.561584,3.09876,0.938469,0,0.0163872,5.61847e-07,1e+06,468.295,-3.90878,10,79,0.00332249,0.000373384,5.02744,0.853243,0,1.83634e-05,0.0010758,27.5266,27.1795,50,6,79,0.00625592,0.000703096,3.95964,0.867169,0,2.68573e-05,0.00118503,27.8435,27.2502,29.2783,5,99,-0.0167491,-0.00188241,33.8177,0.0890923,0,0.000636285,9.81878e-05,281.065,300.237,25.9271,5,79,0.382,23.5
20210813,213841,225.902,4,1,1,38.8736,-76.5522,22.53,101.951,471.213,1964.02,27.2125,300.069,27.2786,-3.81337,-0.428497,1.48518,0.919614,0,0.00453176,0.0531977,1955.97,1964.02,37.8925,6,60,56.2409,6.31963,1.39273,0.922542,0,0.058348,0.0583036,579.605,471.213,37.6488,10,60,0.00390416,0.0004387,2.92975,0.958334,0,1.20112e-05,4.38712e-10,1e+06,27.2125,97.345,9,60,0.01412,0.00158673,1.75393,0.971932,0,2.23781e-05,0.0224344,27.3493,27.2786,49.4092,10,80,-0.00339159,-0.000381129,345.78,0.00144009,0,0.00131786,1.27014e-06,0,300.069,333.641,5,60,0.388,23.5
20210813,213841,225.902,1,1,1,38.8736,-76.5522,22.53,101.951,-9999,-9999,-9999,-9999,-9999,-9999,-9999,-9999,-9999,-9999,-9999,-9999,-9999,-9999,-9999,0,0,-9999,-9999,-9999,-9999,-9999,-9999,-9999,-9999,-9999,-9999,0,0,-9999,-9999,-9999,-9999,-9999,-9999,-9999,-9999,-9999,-9999,0,0,-9999,-9999,-9999,-9999,-9999,-9999,-9999,-9999,-9999,-9999,0,0,-9999,-9999,-9999,-9999,-9999,-9999,-9999,-9999,-9999,-9999,0,0,0.388,23.5
20210813,220225,225.918,2,1,1,38.8737,-76.5523,22.53,102.015,485.636,1961.12,27.1644,300.558,27.2614,-0.36786,-0.0413063,4.19778,0.897586,0,0.00167967,2.10626e-05,0,1961.12,3.6691,10,71,8.67487,0.974087,3.71367,0.919398,0,0.034721,9.7456e-07,1e+06,485.636,-14.4345,10,71,0.00194618,0.000218534,11.1551,0.531373,0,2.42711e-05,0.00981474,27.1867,27.1644,50,3,71,0.00535944,0.000601862,4.12217,0.857729,0,2.40039e-05,0.00258567,27.4941,27.2614,32.8822,7,91,0.0161995,0.00181919,43.8226,0.028312,0,0.00079699,0.0070913,300.814,300.558,-4.99013,2,71,0.4,0.0304456
20210813,220529,225.92,3,1,1,38.8736,-76.5523,22.56,102.01,493.07,1963.06,27.1591,300.911,27.2376,-0.355549,-0.0399304,5.70176,0.821837,0,0.00223838,2.03409e-05,0,1963.06,-0.865926,2,71,13.1848,1.48073,1.41943,0.938367,0,0.0142703,0.0313958,540.233,493.07,29.9539,5,71,0.00139343,0.000156491,9.04778,0.642114,0,1.40647e-05,1.56495e-10,1e+06,27.1591,165.349,9,71,0.01468,0.00164879,1.2099,0.967227,0,1.0135e-05,0.0329645,27.2876,27.2376,35.6166,5,111,-0.00109314,-0.000122777,692,0.000302364,0,0.000849613,4.08016e-07,0,300.911,-1668.95,6,71,0.382,23.5
20210813,220529,225.92,4,1,1,38.8736,-76.5523,22.56,102.01,-9999,-9999,-9999,-9999,-9999,-9999,-9999,-9999,-9999,-9999,-9999,-9999,-9999,-9999,-9999,0,0,-9999,-9999,-9999,-9999,-9999,-9999,-9999,-9999,-9999,-9999,0,0,-9999,-9999,-9999,-9999,-9999,-9999,-9999,-9999,-9999,-9999,0,0,-9999,-9999,-9999,-9999,-9999,-9999,-9999,-9999,-9999,-9999,0,0,-9999,-9999,-9999,-9999,-9999,-9999,-9999,-9999,-9999,-9999,0,0,0.382,23.5
20210813,223041,225.938,1,1,1,38.8736,-76.5522,22.46,101.9,489.49,1967.2,27.0376,301.04,27.0714,-2.30066,-0.258531,1.28574,0.921858,0,0.00194326,0.0682088,1963.41,1967.2,37.3603,5,60,65.557,7.36679,1.34402,0.924832,0,0.0624333,0.0658846,601.303,489.49,38.8211,9,60,0.0024417,0.000274379,9.47684,0.660245,0,2.58444e-05,2.74386e-10,1e+06,27.0376,191.432,6,60,0.01525,0.00171374,2.12569,0.914829,0,3.17408e-05,0.0233405,27.1448,27.0714,36.5223,10,80,-8.28631,-0.931184,1.05128,0.522519,0,0.00121627,1,300.109,301.04,43.3271,9,60,-9999,0.323671
20210813,223041,225.938,2,1,1,38.8736,-76.5522,22.46,101.9,-9999,-9999,-9999,-9999,-9999,-9999,-9999,-9999,-9999,-9999,-9999,-9999,-9999,-9999,-9999,0,0,-9999,-9999,-9999,-9999,-9999,-9999,-9999,-9999,-9999,-9999,0,0,-9999,-9999,-9999,-9999,-9999,-9999,-9999,-9999,-9999,-9999,0,0,-9999,-9999,-9999,-9999,-9999,-9999,-9999,-9999,-9999,-9999,0,0,-9999,-9999,-9999,-9999,-9999,-9999,-9999,-9999,-9999,-9999,0,0,-9999,0.323671
20210813,223537,225.941,3,1,1,38.8737,-76.5522,22.46,101.889,487.406,1965.61,27.0083,300.562,27.0981,-0.429182,-0.048232,3.43617,0.924668,0,0.0015791,2.45379e-05,0,1965.61,4.03981,10,78,5.39679,0.606498,3.16157,0.936598,0,0.0181008,6.06794e-07,1e+06,487.406,5.99861,10,78,0.0036768,0.000413204,4.60713,0.848813,0,1.85423e-05,0.00736656,27.0644,27.0083,50,3,78,0.00447485,0.000502936,3.24249,0.902743,0,1.54405e-05,0.00223381,27.3232,27.0981,26.5172,9,98,0.0311614,0.00350228,18.536,0.277549,0,0.000648154,3.50333e-09,1e+06,300.562,122.773,2,78,0.377,23.5
20210813,223841,225.944,4,1,1,38.8737,-76.5523,22.33,101.881,471.852,1984.43,27.0072,299.988,27.0968,-1.00574,-0.112991,5.31299,0.86402,0,0.00588632,5.69389e-05,0,1984.43,21.7434,2,60,60.0267,6.74375,1.36451,0.925542,0,0.0593022,0.0586809,586.775,471.852,37.3098,10,60,0.0025332,0.000284595,4.45195,0.902005,0,1.23172e-05,2.84602e-10,1e+06,27.0072,129.202,10,60,0.00458912,0.000515617,4.3982,0.875355,0,2.20305e-05,5.15631e-10,1e+06,27.0968,79.0813,10,80,-0.00719727,-0.000808658,130.672,0.00999795,0,0.00105666,2.69563e-06,0,299.988,167.79,6,60,0.382987,23.5
20210813,223841,225.944,1,1,1,38.8737,-76.5523,22.33,101.881,-9999,-9999,-9999,-9999,-9999,-9999,-9999,-9999,-9999,-9999,-9999,-9999,-9999,-9999,-9999,0,0,-9999,-9999,-9999,-9999,-9999,-9999,-9999,-9999,-9999,-9999,0,0,-9999,-9999,-9999,-9999,-9999,-9999,-9999,-9999,-9999,-9999,0,0,-9999,-9999,-9999,-9999,-9999,-9999,-9999,-9999,-9999,-9999,0,0,-9999,-9999,-9999,-9999,-9999,-9999,-9999,-9999,-9999,-9999,0,0,0.382987,23.5
20210813,230225,225.96,2,1,1,38.8737,-76.5522,22.38,101.826,500.471,1969.11,27.0269,300.225,27.1476,-0.146075,-0.0164232,4.97543,0.859629,0,0.00079894,8.34043e-06,0,1969.11,39.5918,2,71,15.3835,1.72958,2.92695,0.893594,0,0.0472949,0.00750784,730.84,500.471,4.13237,4,71,0.00171883,0.000193249,4.74222,0.871343,0,8.9395e-06,1.93254e-10,1e+06,27.0269,102.109,2,71,0.0021531,0.000242104,6.96086,0.741903,0,1.6662e-05,0.0013807,27.323,27.1476,50,5,91,-0.00127922,-0.000143842,596.424,0.000407245,0,0.000857904,4.79113e-07,0,300.225,-598.132,4,71,0.391891,0.0295543
20210813,230529,225.962,3,1,1,38.8736,-76.5522,22.42,101.824,496.66,1971.55,26.9624,300.357,27.0713,-0.360732,-0.04056,5.41035,0.837224,0,0.00215321,2.05726e-05,0,1971.55,2.80221,2,71,8.64513,0.972042,1.58282,0.960231,0,0.0115655,0.0232799,538.415,496.66,38.1038,5,71,0.00346677,0.000389798,2.45346,0.921603,0,8.65475e-06,0.0275081,26.9766,26.9624,50,5,71,0.008989,0.00101082,1.24935,0.962671,0,6.93878e-06,0.0379254,27.098,27.0713,39.6875,8,111,0.0134848,0.00151637,55.7043,0.0446369,0,0.000844537,1.51683e-09,1e+06,300.357,166.678,9,71,0.374,23.5
20210813,230529,225.962,4,1,1,38.8736,-76.5522,22.42,101.824,-9999,-9999,-9999,-9999,-9999,-9999,-9999,-9999,-9999,-9999,-9999,-9999,-9999,-9999,-9999,0,0,-9999,-9999,-9999,-9999,-9999,-9999,-9999,-9999,-9999,-9999,0,0,-9999,-9999,-9999,-9999,-9999,-9999,-9999,-9999,-9999,-9999,0,0,-9999,-9999,-9999,-9999,-9999,-9999,-9999,-9999,-9999,-9999,0,0,-9999,-9999,-9999,-9999,-9999,-9999,-9999,-9999,-9999,-9999,0,0,0.374,23.5
20210813,233041,225.98,1,1,1,38.8737,-76.5522,22.37,101.847,490.606,1977.05,26.833,301.462,26.9369,-2.23633,-0.251302,1.3608,0.906088,0,0.00219439,0.0660616,1973.25,1977.05,37.4912,5,60,58.8563,6.61383,1.34396,0.929011,0,0.0560009,0.0611583,598.749,490.606,37.9196,10,60,0.00473165,0.000531708,1.80892,0.987497,0,7.85583e-06,5.31722e-10,1e+06,26.833,97.7771,4,60,0.0148058,0.00166395,1.98277,0.952215,0,2.80516e-05,0.0191094,27.024,26.9369,42.2679,10,80,-0.894762,-0.100558,1.59553,0.468141,0,0.00121355,0.115634,300.592,301.462,37.116,4,60,-9999,0.311
20210813,233041,225.98,2,1,1,38.8737,-76.5522,22.37,101.847,-9999,-9999,-9999,-9999,-9999,-9999,-9999,-9999,-9999,-9999,-9999,-9999,-9999,-9999,-9999,0,0,-9999,-9999,-9999,-9999,-9999,-9999,-9999,-9999,-9999,-9999,0,0,-9999,-9999,-9999,-9999,-9999,-9999,-9999,-9999,-9999,-9999,0,0,-9999,-9999,-9999,-9999,-9999,-9999,-9999,-9999,-9999,-9999,0,0,-9999,-9999,-9999,-9999,-9999,-9999,-9999,-9999,-9999,-9999,0,0,-9999,0.311
20210813,233536,225.983,3,1,1,38.8736,-76.5521,22.27,101.87,481.478,1977.49,26.795,300.883,26.9407,-0.417198,-0.046858,3.23273,0.932758,0,0.0014337,2.36958e-05,0,1977.49,-2.513,10,79,4.96872,0.558067,3.04822,0.940592,0,0.0159832,5.58336e-07,1e+06,481.478,-2.19447,10,79,0.00260051,0.000292079,9.05594,0.612153,0,2.62743e-05,0.00652733,26.8397,26.795,50,4,79,0.00456789,0.000513124,4.32047,0.854335,0,2.1513e-05,5.13138e-10,1e+06,26.9407,53.9623,10,99,0.00888363,0.000997924,70.2606,0.025639,0,0.00070107,9.98224e-10,1e+06,300.883,84.3599,4,79,0.371,23.3
20210813,233841,225.985,4,1,1,38.8736,-76.5522,22.3,101.871,508.365,1974.81,26.8115,301.426,26.9497,-4.30238,-0.48323,1.40735,0.922469,0,0.00456346,0.0599856,1966.76,1974.81,38.5718,6,60,68.6837,7.71434,1.33896,0.92304,0,0.0647274,0.0650839,626.894,508.365,38.2532,9,60,0.00486638,0.000546577,3.1528,0.951169,0,1.62613e-05,5.46591e-10,1e+06,26.8115,98.9402,10,60,0.0104925,0.00117866,2.48598,0.939362,0,2.6595e-05,0.0217459,27.0039,26.9497,50,9,80,0.03794,0.0042619,30.8967,0.11896,0,0.00131604,0.00253816,303.105,301.426,9.39124,2,60,0.378631,23.3
