label,remark,Chamber,Version,InstrumentModel,InstrumentSerialNumber,RepNum,DeadBand,Area,Offset,ChamVolume,IrgaVolume,TotalVolume,gps_time,latitude,longitude,gps_hdop,altitude,gps_sats,TimeZone,chamber_p,chamber_p_t,chamber_t,soil_t,soilp_c,soilp_m,soilp_t,ch4,co2,h2o,err,ch4_F_o,ch4_F_cv,ch4_t_o,ch4_C_o,ch4_a,ch4_C_x,ch4_iter,ch4_sei,ch4_ses,ch4_r2,ch4_slope,ch4_domain,ch4_n,co2_F_o,co2_F_cv,co2_t_o,co2_C_o,co2_a,co2_C_x,co2_iter,co2_sei,co2_ses,co2_r2,co2_slope,co2_domain,co2_n,TIMESTAMP
4,,82s-1050,1.1,LI-7810,TG10-01087,1,5,318,8,4244.1,46.96,6835.06,1657043864,38.8745,-76.552,1.03,22.1,9,America/New_York,101.531,37.3021,26.2469,9999,0.007,0.22,27.8,2043.42,479.448,27.832,0,-1.92261,3.18114,0,2043.4,1.10402e-4,0,10,0.220289,0.00677813,0.95359,-0.225596,53,54,19.0946,1.11765,0.100148,480.724,0.0121149,665.665,7,0.288346,0.00887219,0.998265,2.24053,53,54,2022-07-05T17:57:45Z
4,,82s-1050,1.1,LI-7810,TG10-01087,1,5,318,8,4244.1,46.96,6835.06,1657043864,38.8745,-76.552,1.03,22.1,9,America/New_York,101.527,37.2917,26.2439,9999,0.007,0.22,27.8,2043.11,482.443,27.9206,0,-1.92261,3.18114,0,2043.4,1.10402e-4,0,10,0.220289,0.00677813,0.95359,-0.225596,53,54,19.0946,1.11765,0.100148,480.724,0.0121149,665.665,7,0.288346,0.00887219,0.998265,2.24053,53,54,2022-07-05T17:57:46Z
4,,82s-1050,1.1,LI-7810,TG10-01087,1,5,318,8,4244.1,46.96,6835.06,1657043864,38.8745,-76.552,1.03,22.1,9,America/New_York,101.534,37.3229,26.2395,9999,0.007,0.22,27.8,2042.83,485.169,27.9779,0,-1.92261,3.18114,0,2043.4,1.10402e-4,0,10,0.220289,0.00677813,0.95359,-0.225596,53,54,19.0946,1.11765,0.100148,480.724,0.0121149,665.665,7,0.288346,0.00887219,0.998265,2.24053,53,54,2022-07-05T17:57:47Z
4,,82s-1050,1.1,LI-7810,TG10-01087,1,5,318,8,4244.1,46.96,6835.06,1657043864,38.8745,-76.552,1.03,22.1,9,America/New_York,101.531,37.3125,26.2372,9999,0.007,0.22,27.8,2042.3,490.97,28.0016,0,-1.92261,3.18114,0,2043.4,1.10402e-4,0,10,0.220289,0.00677813,0.95359,-0.225596,53,54,19.0946,1.11765,0.100148,480.724,0.0121149,665.665,7,0.288346,0.00887219,0.998265,2.24053,53,54,2022-07-05T17:57:48Z
4,,82s-1050,1.1,LI-7810,TG10-01087,1,5,318,8,4244.1,46.96,6835.06,1657043864,38.8745,-76.552,1.03,22.1,9,America/New_York,101.533,37.3125,26.2354,9999,0.007,0.22,27.8,2042.76,490.039,28.0174,0,-1.92261,3.18114,0,2043.4,1.10402e-4,0,10,0.220289,0.00677813,0.95359,-0.225596,53,54,19.0946,1.11765,0.100148,480.724,0.0121149,665.665,7,0.288346,0.00887219,0.998265,2.24053,53,54,2022-07-05T17:57:49Z
4,,82s-1050,1.1,LI-7810,TG10-01087,1,5,318,8,4244.1,46.96,6835.06,1657043864,38.8745,-76.552,1.03,22.1,9,America/New_York,101.526,37.2917,26.2354,9999,0.007,0.22,27.8,2042.61,488.971,28.0189,0,-1.92261,3.18114,0,2043.4,1.10402e-4,0,10,0.220289,0.00677813,0.95359,-0.225596,53,54,19.0946,1.11765,0.100148,480.724,0.0121149,665.665,7,0.288346,0.00887219,0.998265,2.24053,53,54,2022-07-05T17:57:50Z
4,,82s-1050,1.1,LI-7810,TG10-01087,1,5,318,8,4244.1,46.96,6835.06,1657043864,38.8745,-76.552,1.03,22.1,9,America/New_York,101.536,37.3333,26.2354,9999,0.007,0.22,27.8,2042.38,491.548,28.0177,0,-1.92261,3.18114,0,2043.4,1.10402e-4,0,10,0.220289,0.00677813,0.95359,-0.225596,53,54,19.0946,1.11765,0.100148,480.724,0.0121149,665.665,7,0.288346,0.00887219,0.998265,2.24053,53,54,2022-07-05T17:57:51Z
4,,82s-1050,1.1,LI-7810,TG10-01087,1,5,318,8,4244.1,46.96,6835.06,1657043864,38.8745,-76.552,1.03,22.1,9,America/New_York,101.532,37.3333,26.2343,9999,0.007,0.22,27.8,2041.92,495.427,28.0157,0,-1.92261,3.18114,0,2043.4,1.10402e-4,0,10,0.220289,0.00677813,0.95359,-0.225596,53,54,19.0946,1.11765,0.100148,480.724,0.0121149,665.665,7,0.288346,0.00887219,0.998265,2.24053,53,54,2022-07-05T17:57:52Z
4,,82s-1050,1.1,LI-7810,TG10-01087,1,5,318,8,4244.1,46.96,6835.06,1657043864,38.8745,-76.552,1.03,22.1,9,America/New_York,101.531,37.3333,26.234,9999,0.007,0.22,27.8,2041.61,496.53,28.0133,0,-1.92261,3.18114,0,2043.4,1.10402e-4,0,10,0.220289,0.00677813,0.95359,-0.225596,53,54,19.0946,1.11765,0.100148,480.724,0.0121149,665.665,7,0.288346,0.00887219,0.998265,2.24053,53,54,2022-07-05T17:57:53Z
4,,82s-1050,1.1,LI-7810,TG10-01087,1,5,318,8,4244.1,46.96,6835.06,1657043864,38.8745,-76.552,1.03,22.1,9,America/New_York,101.529,37.3125,26.2329,9999,0.007,0.22,27.8,2041.39,499.416,28.0071,0,-1.92261,3.18114,0,2043.4,1.10402e-4,0,10,0.220289,0.00677813,0.95359,-0.225596,53,54,19.0946,1.11765,0.100148,480.724,0.0121149,665.665,7,0.288346,0.00887219,0.998265,2.24053,53,54,2022-07-05T17:57:54Z
4,,82s-1050,1.1,LI-7810,TG10-01087,1,5,318,8,4244.1,46.96,6835.06,1657043864,38.8745,-76.552,1.03,22.1,9,America/New_York,101.532,37.3229,26.231,9999,0.007,0.22,27.8,2040.9,502.944,28.0049,0,-1.92261,3.18114,0,2043.4,1.10402e-4,0,10,0.220289,0.00677813,0.95359,-0.225596,53,54,19.0946,1.11765,0.100148,480.724,0.0121149,665.665,7,0.288346,0.00887219,0.998265,2.24053,53,54,2022-07-05T17:57:55Z
4,,82s-1050,1.1,LI-7810,TG10-01087,1,5,318,8,4244.1,46.96,6835.06,1657043864,38.8745,-76.552,1.03,22.1,9,America/New_York,101.525,37.3021,26.2296,9999,0.007,0.22,27.8,2040.64,503.213,28.0043,0,-1.92261,3.18114,0,2043.4,1.10402e-4,0,10,0.220289,0.00677813,0.95359,-0.225596,53,54,19.0946,1.11765,0.100148,480.724,0.0121149,665.665,7,0.288346,0.00887219,0.998265,2.24053,53,54,2022-07-05T17:57:56Z
4,,82s-1050,1.1,LI-7810,TG10-01087,1,5,318,8,4244.1,46.96,6835.06,1657043864,38.8745,-76.552,1.03,22.1,9,America/New_York,101.536,37.3375,26.2288,9999,0.007,0.22,27.8,2040.42,505.326,27.9996,0,-1.92261,3.18114,0,2043.4,1.10402e-4,0,10,0.220289,0.00677813,0.95359,-0.225596,53,54,19.0946,1.11765,0.100148,480.724,0.0121149,665.665,7,0.288346,0.00887219,0.998265,2.24053,53,54,2022-07-05T17:57:57Z
4,,82s-1050,1.1,LI-7810,TG10-01087,1,5,318,8,4244.1,46.96,6835.06,1657043864,38.8745,-76.552,1.03,22.1,9,America/New_York,101.528,37.3125,26.2288,9999,0.007,0.22,27.8,2039.86,509.098,27.9976,0,-1.92261,3.18114,0,2043.4,1.10402e-4,0,10,0.220289,0.00677813,0.95359,-0.225596,53,54,19.0946,1.11765,0.100148,480.724,0.0121149,665.665,7,0.288346,0.00887219,0.998265,2.24053,53,54,2022-07-05T17:57:58Z
4,,82s-1050,1.1,LI-7810,TG10-01087,1,5,318,8,4244.1,46.96,6835.06,1657043864,38.8745,-76.552,1.03,22.1,9,America/New_York,101.53,37.3125,26.2288,9999,0.007,0.22,27.8,2039.72,508.551,28.0006,0,-1.92261,3.18114,0,2043.4,1.10402e-4,0,10,0.220289,0.00677813,0.95359,-0.225596,53,54,19.0946,1.11765,0.100148,480.724,0.0121149,665.665,7,0.288346,0.00887219,0.998265,2.24053,53,54,2022-07-05T17:57:59Z
4,,82s-1050,1.1,LI-7810,TG10-01087,1,5,318,8,4244.1,46.96,6835.06,1657043864,38.8745,-76.552,1.03,22.1,9,America/New_York,101.529,37.3229,26.2266,9999,0.007,0.22,27.8,2039.2,512.352,27.9951,0,-1.92261,3.18114,0,2043.4,1.10402e-4,0,10,0.220289,0.00677813,0.95359,-0.225596,53,54,19.0946,1.11765,0.100148,480.724,0.0121149,665.665,7,0.288346,0.00887219,0.998265,2.24053,53,54,2022-07-05T17:58:00Z
4,,82s-1050,1.1,LI-7810,TG10-01087,1,5,318,8,4244.1,46.96,6835.06,1657043864,38.8745,-76.552,1.03,22.1,9,America/New_York,101.526,37.3229,26.2277,9999,0.007,0.22,27.8,2038.8,515.225,27.989,0,-1.92261,3.18114,0,2043.4,1.10402e-4,0,10,0.220289,0.00677813,0.95359,-0.225596,53,54,19.0946,1.11765,0.100148,480.724,0.0121149,665.665,7,0.288346,0.00887219,0.998265,2.24053,53,54,2022-07-05T17:58:01Z
4,,82s-1050,1.1,LI-7810,TG10-01087,1,5,318,8,4244.1,46.96,6835.06,1657043864,38.8745,-76.552,1.03,22.1,9,America/New_York,101.537,37.3542,26.2266,9999,0.007,0.22,27.8,2038.6,514.686,27.9897,0,-1.92261,3.18114,0,2043.4,1.10402e-4,0,10,0.220289,0.00677813,0.95359,-0.225596,53,54,19.0946,1.11765,0.100148,480.724,0.0121149,665.665,7,0.288346,0.00887219,0.998265,2.24053,53,54,2022-07-05T17:58:02Z
4,,82s-1050,1.1,LI-7810,TG10-01087,1,5,318,8,4244.1,46.96,6835.06,1657043864,38.8745,-76.552,1.03,22.1,9,America/New_York,101.527,37.3229,26.2266,9999,0.007,0.22,27.8,2038.43,518.108,27.9906,0,-1.92261,3.18114,0,2043.4,1.10402e-4,0,10,0.220289,0.00677813,0.95359,-0.225596,53,54,19.0946,1.11765,0.100148,480.724,0.0121149,665.665,7,0.288346,0.00887219,0.998265,2.24053,53,54,2022-07-05T17:58:03Z
4,,82s-1050,1.1,LI-7810,TG10-01087,1,5,318,8,4244.1,46.96,6835.06,1657043864,38.8745,-76.552,1.03,22.1,9,America/New_York,101.536,37.3646,26.2244,9999,0.007,0.22,27.8,2038.13,519.69,27.9917,0,-1.92261,3.18114,0,2043.4,1.10402e-4,0,10,0.220289,0.00677813,0.95359,-0.225596,53,54,19.0946,1.11765,0.100148,480.724,0.0121149,665.665,7,0.288346,0.00887219,0.998265,2.24053,53,54,2022-07-05T17:58:04Z
4,,82s-1050,1.1,LI-7810,TG10-01087,1,5,318,8,4244.1,46.96,6835.06,1657043864,38.8745,-76.552,1.03,22.1,9,America/New_York,101.526,37.3,26.2244,9999,0.007,0.22,27.8,2037.78,520.424,27.9887,0,-1.92261,3.18114,0,2043.4,1.10402e-4,0,10,0.220289,0.00677813,0.95359,-0.225596,53,54,19.0946,1.11765,0.100148,480.724,0.0121149,665.665,7,0.288346,0.00887219,0.998265,2.24053,53,54,2022-07-05T17:58:05Z
4,,82s-1050,1.1,LI-7810,TG10-01087,1,5,318,8,4244.1,46.96,6835.06,1657043864,38.8745,-76.552,1.03,22.1,9,America/New_York,101.532,37.3438,26.2236,9999,0.007,0.22,27.8,2037.72,523.096,27.9881,0,-1.92261,3.18114,0,2043.4,1.10402e-4,0,10,0.220289,0.00677813,0.95359,-0.225596,53,54,19.0946,1.11765,0.100148,480.724,0.0121149,665.665,7,0.288346,0.00887219,0.998265,2.24053,53,54,2022-07-05T17:58:06Z
4,,82s-1050,1.1,LI-7810,TG10-01087,1,5,318,8,4244.1,46.96,6835.06,1657043864,38.8745,-76.552,1.03,22.1,9,America/New_York,101.527,37.3333,26.2222,9999,0.007,0.22,27.8,2037.62,523.402,27.9913,0,-1.92261,3.18114,0,2043.4,1.10402e-4,0,10,0.220289,0.00677813,0.95359,-0.225596,53,54,19.0946,1.11765,0.100148,480.724,0.0121149,665.665,7,0.288346,0.00887219,0.998265,2.24053,53,54,2022-07-05T17:58:07Z
4,,82s-1050,1.1,LI-7810,TG10-01087,1,5,318,8,4244.1,46.96,6835.06,1657043864,38.8745,-76.552,1.03,22.1,9,America/New_York,101.527,37.3333,26.2222,9999,0.007,0.22,27.8,2037.14,525.867,27.9879,0,-1.92261,3.18114,0,2043.4,1.10402e-4,0,10,0.220289,0.00677813,0.95359,-0.225596,53,54,19.0946,1.11765,0.100148,480.724,0.0121149,665.665,7,0.288346,0.00887219,0.998265,2.24053,53,54,2022-07-05T17:58:08Z
4,,82s-1050,1.1,LI-7810,TG10-01087,1,5,318,8,4244.1,46.96,6835.06,1657043864,38.8745,-76.552,1.03,22.1,9,America/New_York,101.532,37.3438,26.2203,9999,0.007,0.22,27.8,2037.26,527.534,27.9882,0,-1.92261,3.18114,0,2043.4,1.10402e-4,0,10,0.220289,0.00677813,0.95359,-0.225596,53,54,19.0946,1.11765,0.100148,480.724,0.0121149,665.665,7,0.288346,0.00887219,0.998265,2.24053,53,54,2022-07-05T17:58:09Z
4,,82s-1050,1.1,LI-7810,TG10-01087,1,5,318,8,4244.1,46.96,6835.06,1657043864,38.8745,-76.552,1.03,22.1,9,America/New_York,101.53,37.3438,26.2199,9999,0.007,0.22,27.8,2036.5,528.117,27.9872,0,-1.92261,3.18114,0,2043.4,1.10402e-4,0,10,0.220289,0.00677813,0.95359,-0.225596,53,54,19.0946,1.11765,0.100148,480.724,0.0121149,665.665,7,0.288346,0.00887219,0.998265,2.24053,53,54,2022-07-05T17:58:10Z
4,,82s-1050,1.1,LI-7810,TG10-01087,1,5,318,8,4244.1,46.96,6835.06,1657043864,38.8745,-76.552,1.03,22.1,9,America/New_York,101.529,37.3438,26.2211,9999,0.007,0.22,27.8,2036.63,529.946,27.9892,0,-1.92261,3.18114,0,2043.4,1.10402e-4,0,10,0.220289,0.00677813,0.95359,-0.225596,53,54,19.0946,1.11765,0.100148,480.724,0.0121149,665.665,7,0.288346,0.00887219,0.998265,2.24053,53,54,2022-07-05T17:58:11Z
4,,82s-1050,1.1,LI-7810,TG10-01087,1,5,318,8,4244.1,46.96,6835.06,1657043864,38.8745,-76.552,1.03,22.1,9,America/New_York,101.53,37.3542,26.2199,9999,0.007,0.22,27.8,2036.5,530.569,27.9908,0,-1.92261,3.18114,0,2043.4,1.10402e-4,0,10,0.220289,0.00677813,0.95359,-0.225596,53,54,19.0946,1.11765,0.100148,480.724,0.0121149,665.665,7,0.288346,0.00887219,0.998265,2.24053,53,54,2022-07-05T17:58:12Z
4,,82s-1050,1.1,LI-7810,TG10-01087,1,5,318,8,4244.1,46.96,6835.06,1657043864,38.8745,-76.552,1.03,22.1,9,America/New_York,101.535,37.3646,26.2199,9999,0.007,0.22,27.8,2036.33,534.052,27.9891,0,-1.92261,3.18114,0,2043.4,1.10402e-4,0,10,0.220289,0.00677813,0.95359,-0.225596,53,54,19.0946,1.11765,0.100148,480.724,0.0121149,665.665,7,0.288346,0.00887219,0.998265,2.24053,53,54,2022-07-05T17:58:13Z
4,,82s-1050,1.1,LI-7810,TG10-01087,1,5,318,8,4244.1,46.96,6835.06,1657043864,38.8745,-76.552,1.03,22.1,9,America/New_York,101.532,37.3625,26.2199,9999,0.007,0.222,27.8,2036.33,533.239,27.9885,0,-1.92261,3.18114,0,2043.4,1.10402e-4,0,10,0.220289,0.00677813,0.95359,-0.225596,53,54,19.0946,1.11765,0.100148,480.724,0.0121149,665.665,7,0.288346,0.00887219,0.998265,2.24053,53,54,2022-07-05T17:58:14Z
4,,82s-1050,1.1,LI-7810,TG10-01087,1,5,318,8,4244.1,46.96,6835.06,1657043864,38.8745,-76.552,1.03,22.1,9,America/New_York,101.531,37.3438,26.2196,9999,0.007,0.222,27.8,2035.75,535.639,27.9871,0,-1.92261,3.18114,0,2043.4,1.10402e-4,0,10,0.220289,0.00677813,0.95359,-0.225596,53,54,19.0946,1.11765,0.100148,480.724,0.0121149,665.665,7,0.288346,0.00887219,0.998265,2.24053,53,54,2022-07-05T17:58:15Z
4,,82s-1050,1.1,LI-7810,TG10-01087,1,5,318,8,4244.1,46.96,6835.06,1657043864,38.8745,-76.552,1.03,22.1,9,America/New_York,101.531,37.3438,26.2177,9999,0.007,0.222,27.8,2035.7,537.091,27.995,0,-1.92261,3.18114,0,2043.4,1.10402e-4,0,10,0.220289,0.00677813,0.95359,-0.225596,53,54,19.0946,1.11765,0.100148,480.724,0.0121149,665.665,7,0.288346,0.00887219,0.998265,2.24053,53,54,2022-07-05T17:58:16Z
4,,82s-1050,1.1,LI-7810,TG10-01087,1,5,318,8,4244.1,46.96,6835.06,1657043864,38.8745,-76.552,1.03,22.1,9,America/New_York,101.53,37.375,26.2163,9999,0.007,0.222,27.8,2035,540.502,27.9911,0,-1.92261,3.18114,0,2043.4,1.10402e-4,0,10,0.220289,0.00677813,0.95359,-0.225596,53,54,19.0946,1.11765,0.100148,480.724,0.0121149,665.665,7,0.288346,0.00887219,0.998265,2.24053,53,54,2022-07-05T17:58:17Z
4,,82s-1050,1.1,LI-7810,TG10-01087,1,5,318,8,4244.1,46.96,6835.06,1657043864,38.8745,-76.552,1.03,22.1,9,America/New_York,101.532,37.375,26.2155,9999,0.007,0.222,27.8,2035.22,542.39,27.9948,0,-1.92261,3.18114,0,2043.4,1.10402e-4,0,10,0.220289,0.00677813,0.95359,-0.225596,53,54,19.0946,1.11765,0.100148,480.724,0.0121149,665.665,7,0.288346,0.00887219,0.998265,2.24053,53,54,2022-07-05T17:58:18Z
4,,82s-1050,1.1,LI-7810,TG10-01087,1,5,318,8,4244.1,46.96,6835.06,1657043864,38.8745,-76.552,1.03,22.1,9,America/New_York,101.533,37.375,26.2155,9999,0.007,0.222,27.8,2034.31,543.657,27.9937,0,-1.92261,3.18114,0,2043.4,1.10402e-4,0,10,0.220289,0.00677813,0.95359,-0.225596,53,54,19.0946,1.11765,0.100148,480.724,0.0121149,665.665,7,0.288346,0.00887219,0.998265,2.24053,53,54,2022-07-05T17:58:19Z
4,,82s-1050,1.1,LI-7810,TG10-01087,1,5,318,8,4244.1,46.96,6835.06,1657043864,38.8745,-76.552,1.03,22.1,9,America/New_York,101.535,37.375,26.2155,9999,0.007,0.222,27.8,2034.4,545.965,27.9966,0,-1.92261,3.18114,0,2043.4,1.10402e-4,0,10,0.220289,0.00677813,0.95359,-0.225596,53,54,19.0946,1.11765,0.100148,480.724,0.0121149,665.665,7,0.288346,0.00887219,0.998265,2.24053,53,54,2022-07-05T17:58:20Z
4,,82s-1050,1.1,LI-7810,TG10-01087,1,5,318,8,4244.1,46.96,6835.06,1657043864,38.8745,-76.552,1.03,22.1,9,America/New_York,101.528,37.3646,26.2155,9999,0.007,0.222,27.8,2034.22,544.81,27.9957,0,-1.92261,3.18114,0,2043.4,1.10402e-4,0,10,0.220289,0.00677813,0.95359,-0.225596,53,54,19.0946,1.11765,0.100148,480.724,0.0121149,665.665,7,0.288346,0.00887219,0.998265,2.24053,53,54,2022-07-05T17:58:21Z
4,,82s-1050,1.1,LI-7810,TG10-01087,1,5,318,8,4244.1,46.96,6835.06,1657043864,38.8745,-76.552,1.03,22.1,9,America/New_York,101.536,37.4,26.2155,9999,0.007,0.222,27.8,2034.15,548.372,27.9992,0,-1.92261,3.18114,0,2043.4,1.10402e-4,0,10,0.220289,0.00677813,0.95359,-0.225596,53,54,19.0946,1.11765,0.100148,480.724,0.0121149,665.665,7,0.288346,0.00887219,0.998265,2.24053,53,54,2022-07-05T17:58:22Z
4,,82s-1050,1.1,LI-7810,TG10-01087,1,5,318,8,4244.1,46.96,6835.06,1657043864,38.8745,-76.552,1.03,22.1,9,America/New_York,101.536,37.3958,26.2144,9999,0.007,0.222,27.8,2033.8,547.783,27.9996,0,-1.92261,3.18114,0,2043.4,1.10402e-4,0,10,0.220289,0.00677813,0.95359,-0.225596,53,54,19.0946,1.11765,0.100148,480.724,0.0121149,665.665,7,0.288346,0.00887219,0.998265,2.24053,53,54,2022-07-05T17:58:23Z
4,,82s-1050,1.1,LI-7810,TG10-01087,1,5,318,8,4244.1,46.96,6835.06,1657043864,38.8745,-76.552,1.03,22.1,9,America/New_York,101.529,37.375,26.2133,9999,0.007,0.222,27.8,2033.7,550.301,27.9999,0,-1.92261,3.18114,0,2043.4,1.10402e-4,0,10,0.220289,0.00677813,0.95359,-0.225596,53,54,19.0946,1.11765,0.100148,480.724,0.0121149,665.665,7,0.288346,0.00887219,0.998265,2.24053,53,54,2022-07-05T17:58:24Z
4,,82s-1050,1.1,LI-7810,TG10-01087,1,5,318,8,4244.1,46.96,6835.06,1657043864,38.8745,-76.552,1.03,22.1,9,America/New_York,101.534,37.3958,26.2133,9999,0.007,0.222,27.8,2033.9,551.054,27.9998,0,-1.92261,3.18114,0,2043.4,1.10402e-4,0,10,0.220289,0.00677813,0.95359,-0.225596,53,54,19.0946,1.11765,0.100148,480.724,0.0121149,665.665,7,0.288346,0.00887219,0.998265,2.24053,53,54,2022-07-05T17:58:25Z
4,,82s-1050,1.1,LI-7810,TG10-01087,1,5,318,8,4244.1,46.96,6835.06,1657043864,38.8745,-76.552,1.03,22.1,9,America/New_York,101.535,37.4062,26.2133,9999,0.007,0.222,27.8,2033.13,553.555,27.9992,0,-1.92261,3.18114,0,2043.4,1.10402e-4,0,10,0.220289,0.00677813,0.95359,-0.225596,53,54,19.0946,1.11765,0.100148,480.724,0.0121149,665.665,7,0.288346,0.00887219,0.998265,2.24053,53,54,2022-07-05T17:58:26Z
4,,82s-1050,1.1,LI-7810,TG10-01087,1,5,318,8,4244.1,46.96,6835.06,1657043864,38.8745,-76.552,1.03,22.1,9,America/New_York,101.537,37.3958,26.2133,9999,0.007,0.222,27.8,2033.34,553.431,28.0024,0,-1.92261,3.18114,0,2043.4,1.10402e-4,0,10,0.220289,0.00677813,0.95359,-0.225596,53,54,19.0946,1.11765,0.100148,480.724,0.0121149,665.665,7,0.288346,0.00887219,0.998265,2.24053,53,54,2022-07-05T17:58:27Z
4,,82s-1050,1.1,LI-7810,TG10-01087,1,5,318,8,4244.1,46.96,6835.06,1657043864,38.8745,-76.552,1.03,22.1,9,America/New_York,101.534,37.3958,26.2133,9999,0.007,0.222,27.8,2033.02,556.769,28.0007,0,-1.92261,3.18114,0,2043.4,1.10402e-4,0,10,0.220289,0.00677813,0.95359,-0.225596,53,54,19.0946,1.11765,0.100148,480.724,0.0121149,665.665,7,0.288346,0.00887219,0.998265,2.24053,53,54,2022-07-05T17:58:28Z
4,,82s-1050,1.1,LI-7810,TG10-01087,1,5,318,8,4244.1,46.96,6835.06,1657043864,38.8745,-76.552,1.03,22.1,9,America/New_York,101.545,37.4375,26.2133,9999,0.007,0.222,27.8,2032.86,556.704,28.0076,0,-1.92261,3.18114,0,2043.4,1.10402e-4,0,10,0.220289,0.00677813,0.95359,-0.225596,53,54,19.0946,1.11765,0.100148,480.724,0.0121149,665.665,7,0.288346,0.00887219,0.998265,2.24053,53,54,2022-07-05T17:58:29Z
4,,82s-1050,1.1,LI-7810,TG10-01087,1,5,318,8,4244.1,46.96,6835.06,1657043864,38.8745,-76.552,1.03,22.1,9,America/New_York,101.533,37.4062,26.2111,9999,0.007,0.222,27.8,2032.63,558.231,28.0083,0,-1.92261,3.18114,0,2043.4,1.10402e-4,0,10,0.220289,0.00677813,0.95359,-0.225596,53,54,19.0946,1.11765,0.100148,480.724,0.0121149,665.665,7,0.288346,0.00887219,0.998265,2.24053,53,54,2022-07-05T17:58:30Z
4,,82s-1050,1.1,LI-7810,TG10-01087,1,5,318,8,4244.1,46.96,6835.06,1657043864,38.8745,-76.552,1.03,22.1,9,America/New_York,101.535,37.4125,26.2111,9999,0.007,0.222,27.8,2032.42,558.76,28.0063,0,-1.92261,3.18114,0,2043.4,1.10402e-4,0,10,0.220289,0.00677813,0.95359,-0.225596,53,54,19.0946,1.11765,0.100148,480.724,0.0121149,665.665,7,0.288346,0.00887219,0.998265,2.24053,53,54,2022-07-05T17:58:31Z
4,,82s-1050,1.1,LI-7810,TG10-01087,1,5,318,8,4244.1,46.96,6835.06,1657043864,38.8745,-76.552,1.03,22.1,9,America/New_York,101.535,37.4271,26.2104,9999,0.007,0.222,27.8,2032.2,561.203,28.0092,0,-1.92261,3.18114,0,2043.4,1.10402e-4,0,10,0.220289,0.00677813,0.95359,-0.225596,53,54,19.0946,1.11765,0.100148,480.724,0.0121149,665.665,7,0.288346,0.00887219,0.998265,2.24053,53,54,2022-07-05T17:58:32Z
4,,82s-1050,1.1,LI-7810,TG10-01087,1,5,318,8,4244.1,46.96,6835.06,1657043864,38.8745,-76.552,1.03,22.1,9,America/New_York,101.531,37.3854,26.2089,9999,0.007,0.222,27.8,2032.15,561.06,28.0101,0,-1.92261,3.18114,0,2043.4,1.10402e-4,0,10,0.220289,0.00677813,0.95359,-0.225596,53,54,19.0946,1.11765,0.100148,480.724,0.0121149,665.665,7,0.288346,0.00887219,0.998265,2.24053,53,54,2022-07-05T17:58:33Z
4,,82s-1050,1.1,LI-7810,TG10-01087,1,5,318,8,4244.1,46.96,6835.06,1657043864,38.8745,-76.552,1.03,22.1,9,America/New_York,101.53,37.3958,26.2071,9999,0.007,0.222,27.8,2031.59,563.782,28.0076,0,-1.92261,3.18114,0,2043.4,1.10402e-4,0,10,0.220289,0.00677813,0.95359,-0.225596,53,54,19.0946,1.11765,0.100148,480.724,0.0121149,665.665,7,0.288346,0.00887219,0.998265,2.24053,53,54,2022-07-05T17:58:34Z
4,,82s-1050,1.1,LI-7810,TG10-01087,1,5,318,8,4244.1,46.96,6835.06,1657043864,38.8745,-76.552,1.03,22.1,9,America/New_York,101.529,37.3958,26.2067,9999,0.007,0.222,27.8,2031.72,563.831,28.0103,0,-1.92261,3.18114,0,2043.4,1.10402e-4,0,10,0.220289,0.00677813,0.95359,-0.225596,53,54,19.0946,1.11765,0.100148,480.724,0.0121149,665.665,7,0.288346,0.00887219,0.998265,2.24053,53,54,2022-07-05T17:58:35Z
4,,82s-1050,1.1,LI-7810,TG10-01087,1,5,318,8,4244.1,46.96,6835.06,1657043864,38.8745,-76.552,1.03,22.1,9,America/New_York,101.534,37.4167,26.2067,9999,0.007,0.222,27.8,2031.11,567.522,28.0094,0,-1.92261,3.18114,0,2043.4,1.10402e-4,0,10,0.220289,0.00677813,0.95359,-0.225596,53,54,19.0946,1.11765,0.100148,480.724,0.0121149,665.665,7,0.288346,0.00887219,0.998265,2.24053,53,54,2022-07-05T17:58:36Z
4,,82s-1050,1.1,LI-7810,TG10-01087,1,5,318,8,4244.1,46.96,6835.06,1657043864,38.8745,-76.552,1.03,22.1,9,America/New_York,101.533,37.4271,26.2067,9999,0.007,0.222,27.8,2030.91,566.409,28.0122,0,-1.92261,3.18114,0,2043.4,1.10402e-4,0,10,0.220289,0.00677813,0.95359,-0.225596,53,54,19.0946,1.11765,0.100148,480.724,0.0121149,665.665,7,0.288346,0.00887219,0.998265,2.24053,53,54,2022-07-05T17:58:37Z
4,,82s-1050,1.1,LI-7810,TG10-01087,1,5,318,8,4244.1,46.96,6835.06,1657043864,38.8745,-76.552,1.03,22.1,9,America/New_York,101.533,37.4271,26.2067,9999,0.007,0.222,27.8,2030.88,569.068,28.012,0,-1.92261,3.18114,0,2043.4,1.10402e-4,0,10,0.220289,0.00677813,0.95359,-0.225596,53,54,19.0946,1.11765,0.100148,480.724,0.0121149,665.665,7,0.288346,0.00887219,0.998265,2.24053,53,54,2022-07-05T17:58:38Z
4,,82s-1050,1.1,LI-7810,TG10-01087,1,5,318,8,4244.1,46.96,6835.06,1657043864,38.8745,-76.552,1.03,22.1,9,America/New_York,101.534,37.425,26.2067,9999,0.007,0.222,27.8,2030.99,568.818,28.0145,0,-1.92261,3.18114,0,2043.4,1.10402e-4,0,10,0.220289,0.00677813,0.95359,-0.225596,53,54,19.0946,1.11765,0.100148,480.724,0.0121149,665.665,7,0.288346,0.00887219,0.998265,2.24053,53,54,2022-07-05T17:58:39Z
4,,82s-1050,1.1,LI-7810,TG10-01087,1,5,318,8,4244.1,46.96,6835.06,1657043864,38.8745,-76.552,1.03,22.1,9,America/New_York,101.538,37.4271,26.2067,9999,0.007,0.222,27.8,2030.54,571.755,28.013,0,-1.92261,3.18114,0,2043.4,1.10402e-4,0,10,0.220289,0.00677813,0.95359,-0.225596,53,54,19.0946,1.11765,0.100148,480.724,0.0121149,665.665,7,0.288346,0.00887219,0.998265,2.24053,53,54,2022-07-05T17:58:40Z
4,,82s-1050,1.1,LI-7810,TG10-01087,1,5,318,8,4244.1,46.96,6835.06,1657043864,38.8745,-76.552,1.03,22.1,9,America/New_York,101.535,37.4375,26.2067,9999,0.007,0.222,27.8,2030.43,572.236,28.0165,0,-1.92261,3.18114,0,2043.4,1.10402e-4,0,10,0.220289,0.00677813,0.95359,-0.225596,53,54,19.0946,1.11765,0.100148,480.724,0.0121149,665.665,7,0.288346,0.00887219,0.998265,2.24053,53,54,2022-07-05T17:58:41Z
4,,82s-1050,1.1,LI-7810,TG10-01087,1,5,318,8,4244.1,46.96,6835.06,1657043864,38.8745,-76.552,1.03,22.1,9,America/New_York,101.53,37.4271,26.2067,9999,0.007,0.222,27.8,2030.19,573.929,28.0132,0,-1.92261,3.18114,0,2043.4,1.10402e-4,0,10,0.220289,0.00677813,0.95359,-0.225596,53,54,19.0946,1.11765,0.100148,480.724,0.0121149,665.665,7,0.288346,0.00887219,0.998265,2.24053,53,54,2022-07-05T17:58:42Z
4,,82s-1050,1.1,LI-7810,TG10-01087,1,5,318,8,4244.1,46.96,6835.06,1657043864,38.8745,-76.552,1.03,22.1,9,America/New_York,101.536,37.4375,26.2067,9999,0.007,0.222,27.8,2030.44,572.466,28.0181,0,-1.92261,3.18114,0,2043.4,1.10402e-4,0,10,0.220289,0.00677813,0.95359,-0.225596,53,54,19.0946,1.11765,0.100148,480.724,0.0121149,665.665,7,0.288346,0.00887219,0.998265,2.24053,53,54,2022-07-05T17:58:43Z
4,,82s-1050,1.1,LI-7810,TG10-01087,1,5,318,8,4244.1,46.96,6835.06,1657043864,38.8745,-76.552,1.03,22.1,9,America/New_York,101.532,37.4271,26.2067,9999,0.007,0.222,27.8,2030.08,574.955,28.0177,0,-1.92261,3.18114,0,2043.4,1.10402e-4,0,10,0.220289,0.00677813,0.95359,-0.225596,53,54,19.0946,1.11765,0.100148,480.724,0.0121149,665.665,7,0.288346,0.00887219,0.998265,2.24053,53,54,2022-07-05T17:58:44Z
4,,82s-1050,1.1,LI-7810,TG10-01087,2,5,318,8,4244.1,46.96,6835.06,1657043950,38.8745,-76.552,1.03,23.8,9,America/New_York,101.532,37.3958,26.1225,9999,0.007,0.222,27.8,2049.65,495.383,28.1696,0,-1.74324,6.2665,0,2050.92,9.97174e-5,0,10,0.410678,0.0126362,0.803653,-0.204512,53,54,10.0513,1.29692,3.67255,490.035,0.00147293,1290.61,2,0.294276,0.00905466,0.996675,1.17919,53,54,2022-07-05T17:59:10Z
4,,82s-1050,1.1,LI-7810,TG10-01087,2,5,318,8,4244.1,46.96,6835.06,1657043950,38.8745,-76.552,1.03,23.8,9,America/New_York,101.532,37.4167,26.1206,9999,0.007,0.222,27.8,2050.36,490.479,28.1721,0,-1.74324,6.2665,0,2050.92,9.97174e-5,0,10,0.410678,0.0126362,0.803653,-0.204512,53,54,10.0513,1.29692,3.67255,490.035,0.00147293,1290.61,2,0.294276,0.00905466,0.996675,1.17919,53,54,2022-07-05T17:59:11Z
4,,82s-1050,1.1,LI-7810,TG10-01087,2,5,318,8,4244.1,46.96,6835.06,1657043950,38.8745,-76.552,1.03,23.8,9,America/New_York,101.536,37.4271,26.1195,9999,0.007,0.222,27.8,2051.38,489.614,28.178,0,-1.74324,6.2665,0,2050.92,9.97174e-5,0,10,0.410678,0.0126362,0.803653,-0.204512,53,54,10.0513,1.29692,3.67255,490.035,0.00147293,1290.61,2,0.294276,0.00905466,0.996675,1.17919,53,54,2022-07-05T17:59:12Z
4,,82s-1050,1.1,LI-7810,TG10-01087,2,5,318,8,4244.1,46.96,6835.06,1657043950,38.8745,-76.552,1.03,23.8,9,America/New_York,101.531,37.425,26.1193,9999,0.007,0.222,27.8,2051.76,488.929,28.1829,0,-1.74324,6.2665,0,2050.92,9.97174e-5,0,10,0.410678,0.0126362,0.803653,-0.204512,53,54,10.0513,1.29692,3.67255,490.035,0.00147293,1290.61,2,0.294276,0.00905466,0.996675,1.17919,53,54,2022-07-05T17:59:13Z
4,,82s-1050,1.1,LI-7810,TG10-01087,2,5,318,8,4244.1,46.96,6835.06,1657043950,38.8745,-76.552,1.03,23.8,9,America/New_York,101.532,37.4271,26.1184,9999,0.007,0.224,27.5,2051.72,489.517,28.1876,0,-1.74324,6.2665,0,2050.92,9.97174e-5,0,10,0.410678,0.0126362,0.803653,-0.204512,53,54,10.0513,1.29692,3.67255,490.035,0.00147293,1290.61,2,0.294276,0.00905466,0.996675,1.17919,53,54,2022-07-05T17:59:14Z
4,,82s-1050,1.1,LI-7810,TG10-01087,2,5,318,8,4244.1,46.96,6835.06,1657043950,38.8745,-76.552,1.03,23.8,9,America/New_York,101.53,37.4375,26.1184,9999,0.007,0.224,27.5,2051.21,490.826,28.1865,0,-1.74324,6.2665,0,2050.92,9.97174e-5,0,10,0.410678,0.0126362,0.803653,-0.204512,53,54,10.0513,1.29692,3.67255,490.035,0.00147293,1290.61,2,0.294276,0.00905466,0.996675,1.17919,53,54,2022-07-05T17:59:15Z
4,,82s-1050,1.1,LI-7810,TG10-01087,2,5,318,8,4244.1,46.96,6835.06,1657043950,38.8745,-76.552,1.03,23.8,9,America/New_York,101.531,37.4375,26.1184,9999,0.007,0.224,27.5,2050.92,493.02,28.1893,0,-1.74324,6.2665,0,2050.92,9.97174e-5,0,10,0.410678,0.0126362,0.803653,-0.204512,53,54,10.0513,1.29692,3.67255,490.035,0.00147293,1290.61,2,0.294276,0.00905466,0.996675,1.17919,53,54,2022-07-05T17:59:16Z
4,,82s-1050,1.1,LI-7810,TG10-01087,2,5,318,8,4244.1,46.96,6835.06,1657043950,38.8745,-76.552,1.03,23.8,9,America/New_York,101.531,37.4479,26.1195,9999,0.007,0.224,27.5,2049.99,498.047,28.1843,0,-1.74324,6.2665,0,2050.92,9.97174e-5,0,10,0.410678,0.0126362,0.803653,-0.204512,53,54,10.0513,1.29692,3.67255,490.035,0.00147293,1290.61,2,0.294276,0.00905466,0.996675,1.17919,53,54,2022-07-05T17:59:17Z
4,,82s-1050,1.1,LI-7810,TG10-01087,2,5,318,8,4244.1,46.96,6835.06,1657043950,38.8745,-76.552,1.03,23.8,9,America/New_York,101.528,37.4375,26.1206,9999,0.007,0.224,27.5,2050.13,496.428,28.1783,0,-1.74324,6.2665,0,2050.92,9.97174e-5,0,10,0.410678,0.0126362,0.803653,-0.204512,53,54,10.0513,1.29692,3.67255,490.035,0.00147293,1290.61,2,0.294276,0.00905466,0.996675,1.17919,53,54,2022-07-05T17:59:18Z
4,,82s-1050,1.1,LI-7810,TG10-01087,2,5,318,8,4244.1,46.96,6835.06,1657043950,38.8745,-76.552,1.03,23.8,9,America/New_York,101.527,37.4375,26.1206,9999,0.007,0.224,27.5,2050.43,496.445,28.1747,0,-1.74324,6.2665,0,2050.92,9.97174e-5,0,10,0.410678,0.0126362,0.803653,-0.204512,53,54,10.0513,1.29692,3.67255,490.035,0.00147293,1290.61,2,0.294276,0.00905466,0.996675,1.17919,53,54,2022-07-05T17:59:19Z
4,,82s-1050,1.1,LI-7810,TG10-01087,2,5,318,8,4244.1,46.96,6835.06,1657043950,38.8745,-76.552,1.03,23.8,9,America/New_York,101.532,37.4688,26.1217,9999,0.007,0.224,27.5,2050.3,495.826,28.1764,0,-1.74324,6.2665,0,2050.92,9.97174e-5,0,10,0.410678,0.0126362,0.803653,-0.204512,53,54,10.0513,1.29692,3.67255,490.035,0.00147293,1290.61,2,0.294276,0.00905466,0.996675,1.17919,53,54,2022-07-05T17:59:20Z
4,,82s-1050,1.1,LI-7810,TG10-01087,2,5,318,8,4244.1,46.96,6835.06,1657043950,38.8745,-76.552,1.03,23.8,9,America/New_York,101.532,37.4792,26.1228,9999,0.007,0.224,27.5,2050.3,497.083,28.1756,0,-1.74324,6.2665,0,2050.92,9.97174e-5,0,10,0.410678,0.0126362,0.803653,-0.204512,53,54,10.0513,1.29692,3.67255,490.035,0.00147293,1290.61,2,0.294276,0.00905466,0.996675,1.17919,53,54,2022-07-05T17:59:21Z
4,,82s-1050,1.1,LI-7810,TG10-01087,2,5,318,8,4244.1,46.96,6835.06,1657043950,38.8745,-76.552,1.03,23.8,9,America/New_York,101.522,37.45,26.125,9999,0.007,0.224,27.5,2049.63,499.627,28.1708,0,-1.74324,6.2665,0,2050.92,9.97174e-5,0,10,0.410678,0.0126362,0.803653,-0.204512,53,54,10.0513,1.29692,3.67255,490.035,0.00147293,1290.61,2,0.294276,0.00905466,0.996675,1.17919,53,54,2022-07-05T17:59:22Z
4,,82s-1050,1.1,LI-7810,TG10-01087,2,5,318,8,4244.1,46.96,6835.06,1657043950,38.8745,-76.552,1.03,23.8,9,America/New_York,101.529,37.4688,26.1269,9999,0.007,0.224,27.5,2049.91,499.663,28.1733,0,-1.74324,6.2665,0,2050.92,9.97174e-5,0,10,0.410678,0.0126362,0.803653,-0.204512,53,54,10.0513,1.29692,3.67255,490.035,0.00147293,1290.61,2,0.294276,0.00905466,0.996675,1.17919,53,54,2022-07-05T17:59:23Z
4,,82s-1050,1.1,LI-7810,TG10-01087,2,5,318,8,4244.1,46.96,6835.06,1657043950,38.8745,-76.552,1.03,23.8,9,America/New_York,101.529,37.4792,26.128,9999,0.007,0.224,27.5,2049.52,502.463,28.1697,0,-1.74324,6.2665,0,2050.92,9.97174e-5,0,10,0.410678,0.0126362,0.803653,-0.204512,53,54,10.0513,1.29692,3.67255,490.035,0.00147293,1290.61,2,0.294276,0.00905466,0.996675,1.17919,53,54,2022-07-05T17:59:24Z
4,,82s-1050,1.1,LI-7810,TG10-01087,2,5,318,8,4244.1,46.96,6835.06,1657043950,38.8745,-76.552,1.03,23.8,9,America/New_York,101.526,37.4688,26.1295,9999,0.007,0.224,27.5,2048.88,503.143,28.1669,0,-1.74324,6.2665,0,2050.92,9.97174e-5,0,10,0.410678,0.0126362,0.803653,-0.204512,53,54,10.0513,1.29692,3.67255,490.035,0.00147293,1290.61,2,0.294276,0.00905466,0.996675,1.17919,53,54,2022-07-05T17:59:25Z
4,,82s-1050,1.1,LI-7810,TG10-01087,2,5,318,8,4244.1,46.96,6835.06,1657043950,38.8745,-76.552,1.03,23.8,9,America/New_York,101.525,37.4688,26.1295,9999,0.007,0.224,27.5,2048.89,503.919,28.1621,0,-1.74324,6.2665,0,2050.92,9.97174e-5,0,10,0.410678,0.0126362,0.803653,-0.204512,53,54,10.0513,1.29692,3.67255,490.035,0.00147293,1290.61,2,0.294276,0.00905466,0.996675,1.17919,53,54,2022-07-05T17:59:26Z
4,,82s-1050,1.1,LI-7810,TG10-01087,2,5,318,8,4244.1,46.96,6835.06,1657043950,38.8745,-76.552,1.03,23.8,9,America/New_York,101.529,37.4896,26.1313,9999,0.007,0.224,27.5,2048.77,505.501,28.1586,0,-1.74324,6.2665,0,2050.92,9.97174e-5,0,10,0.410678,0.0126362,0.803653,-0.204512,53,54,10.0513,1.29692,3.67255,490.035,0.00147293,1290.61,2,0.294276,0.00905466,0.996675,1.17919,53,54,2022-07-05T17:59:27Z
4,,82s-1050,1.1,LI-7810,TG10-01087,2,5,318,8,4244.1,46.96,6835.06,1657043950,38.8745,-76.552,1.03,23.8,9,America/New_York,101.52,37.4792,26.1324,9999,0.007,0.224,27.5,2048.99,505.465,28.157,0,-1.74324,6.2665,0,2050.92,9.97174e-5,0,10,0.410678,0.0126362,0.803653,-0.204512,53,54,10.0513,1.29692,3.67255,490.035,0.00147293,1290.61,2,0.294276,0.00905466,0.996675,1.17919,53,54,2022-07-05T17:59:28Z
4,,82s-1050,1.1,LI-7810,TG10-01087,2,5,318,8,4244.1,46.96,6835.06,1657043950,38.8745,-76.552,1.03,23.8,9,America/New_York,101.526,37.4896,26.1339,9999,0.007,0.224,27.5,2048.62,508.156,28.1561,0,-1.74324,6.2665,0,2050.92,9.97174e-5,0,10,0.410678,0.0126362,0.803653,-0.204512,53,54,10.0513,1.29692,3.67255,490.035,0.00147293,1290.61,2,0.294276,0.00905466,0.996675,1.17919,53,54,2022-07-05T17:59:29Z
4,,82s-1050,1.1,LI-7810,TG10-01087,2,5,318,8,4244.1,46.96,6835.06,1657043950,38.8745,-76.552,1.03,23.8,9,America/New_York,101.531,37.525,26.1339,9999,0.007,0.224,27.5,2048.09,509.316,28.1507,0,-1.74324,6.2665,0,2050.92,9.97174e-5,0,10,0.410678,0.0126362,0.803653,-0.204512,53,54,10.0513,1.29692,3.67255,490.035,0.00147293,1290.61,2,0.294276,0.00905466,0.996675,1.17919,53,54,2022-07-05T17:59:30Z
4,,82s-1050,1.1,LI-7810,TG10-01087,2,5,318,8,4244.1,46.96,6835.06,1657043950,38.8745,-76.552,1.03,23.8,9,America/New_York,101.527,37.5104,26.1353,9999,0.007,0.224,27.5,2048.15,508.548,28.149,0,-1.74324,6.2665,0,2050.92,9.97174e-5,0,10,0.410678,0.0126362,0.803653,-0.204512,53,54,10.0513,1.29692,3.67255,490.035,0.00147293,1290.61,2,0.294276,0.00905466,0.996675,1.17919,53,54,2022-07-05T17:59:31Z
4,,82s-1050,1.1,LI-7810,TG10-01087,2,5,318,8,4244.1,46.96,6835.06,1657043950,38.8745,-76.552,1.03,23.8,9,America/New_York,101.524,37.5104,26.136,9999,0.007,0.224,27.5,2047.93,511.178,28.1472,0,-1.74324,6.2665,0,2050.92,9.97174e-5,0,10,0.410678,0.0126362,0.803653,-0.204512,53,54,10.0513,1.29692,3.67255,490.035,0.00147293,1290.61,2,0.294276,0.00905466,0.996675,1.17919,53,54,2022-07-05T17:59:32Z
4,,82s-1050,1.1,LI-7810,TG10-01087,2,5,318,8,4244.1,46.96,6835.06,1657043950,38.8745,-76.552,1.03,23.8,9,America/New_York,101.527,37.5104,26.136,9999,0.007,0.224,27.5,2047.78,511.561,28.1486,0,-1.74324,6.2665,0,2050.92,9.97174e-5,0,10,0.410678,0.0126362,0.803653,-0.204512,53,54,10.0513,1.29692,3.67255,490.035,0.00147293,1290.61,2,0.294276,0.00905466,0.996675,1.17919,53,54,2022-07-05T17:59:33Z
4,,82s-1050,1.1,LI-7810,TG10-01087,2,5,318,8,4244.1,46.96,6835.06,1657043950,38.8745,-76.552,1.03,23.8,9,America/New_York,101.525,37.5104,26.1375,9999,0.007,0.224,27.5,2047.34,514.227,28.1402,0,-1.74324,6.2665,0,2050.92,9.97174e-5,0,10,0.410678,0.0126362,0.803653,-0.204512,53,54,10.0513,1.29692,3.67255,490.035,0.00147293,1290.61,2,0.294276,0.00905466,0.996675,1.17919,53,54,2022-07-05T17:59:34Z
4,,82s-1050,1.1,LI-7810,TG10-01087,2,5,318,8,4244.1,46.96,6835.06,1657043950,38.8745,-76.552,1.03,23.8,9,America/New_York,101.531,37.5417,26.1382,9999,0.007,0.224,27.5,2047.13,513.584,28.1385,0,-1.74324,6.2665,0,2050.92,9.97174e-5,0,10,0.410678,0.0126362,0.803653,-0.204512,53,54,10.0513,1.29692,3.67255,490.035,0.00147293,1290.61,2,0.294276,0.00905466,0.996675,1.17919,53,54,2022-07-05T17:59:35Z
4,,82s-1050,1.1,LI-7810,TG10-01087,2,5,318,8,4244.1,46.96,6835.06,1657043950,38.8745,-76.552,1.03,23.8,9,America/New_York,101.523,37.5312,26.1382,9999,0.007,0.224,27.5,2047.46,515.414,28.1367,0,-1.74324,6.2665,0,2050.92,9.97174e-5,0,10,0.410678,0.0126362,0.803653,-0.204512,53,54,10.0513,1.29692,3.67255,490.035,0.00147293,1290.61,2,0.294276,0.00905466,0.996675,1.17919,53,54,2022-07-05T17:59:36Z
4,,82s-1050,1.1,LI-7810,TG10-01087,2,5,318,8,4244.1,46.96,6835.06,1657043950,38.8745,-76.552,1.03,23.8,9,America/New_York,101.524,37.5312,26.1386,9999,0.007,0.224,27.5,2046.15,518.251,28.1368,0,-1.74324,6.2665,0,2050.92,9.97174e-5,0,10,0.410678,0.0126362,0.803653,-0.204512,53,54,10.0513,1.29692,3.67255,490.035,0.00147293,1290.61,2,0.294276,0.00905466,0.996675,1.17919,53,54,2022-07-05T17:59:37Z
4,,82s-1050,1.1,LI-7810,TG10-01087,2,5,318,8,4244.1,46.96,6835.06,1657043950,38.8745,-76.552,1.03,23.8,9,America/New_York,101.52,37.5208,26.1405,9999,0.007,0.224,27.5,2046.77,517.673,28.1363,0,-1.74324,6.2665,0,2050.92,9.97174e-5,0,10,0.410678,0.0126362,0.803653,-0.204512,53,54,10.0513,1.29692,3.67255,490.035,0.00147293,1290.61,2,0.294276,0.00905466,0.996675,1.17919,53,54,2022-07-05T17:59:38Z
4,,82s-1050,1.1,LI-7810,TG10-01087,2,5,318,8,4244.1,46.96,6835.06,1657043950,38.8745,-76.552,1.03,23.8,9,America/New_York,101.524,37.55,26.1405,9999,0.007,0.224,27.5,2046.45,518.454,28.1334,0,-1.74324,6.2665,0,2050.92,9.97174e-5,0,10,0.410678,0.0126362,0.803653,-0.204512,53,54,10.0513,1.29692,3.67255,490.035,0.00147293,1290.61,2,0.294276,0.00905466,0.996675,1.17919,53,54,2022-07-05T17:59:39Z
4,,82s-1050,1.1,LI-7810,TG10-01087,2,5,318,8,4244.1,46.96,6835.06,1657043950,38.8745,-76.552,1.03,23.8,9,America/New_York,101.524,37.5521,26.1405,9999,0.007,0.224,27.5,2046.32,521.211,28.1296,0,-1.74324,6.2665,0,2050.92,9.97174e-5,0,10,0.410678,0.0126362,0.803653,-0.204512,53,54,10.0513,1.29692,3.67255,490.035,0.00147293,1290.61,2,0.294276,0.00905466,0.996675,1.17919,53,54,2022-07-05T17:59:40Z
4,,82s-1050,1.1,LI-7810,TG10-01087,2,5,318,8,4244.1,46.96,6835.06,1657043950,38.8745,-76.552,1.03,23.8,9,America/New_York,101.522,37.5521,26.1427,9999,0.007,0.224,27.5,2046.39,521.627,28.1284,0,-1.74324,6.2665,0,2050.92,9.97174e-5,0,10,0.410678,0.0126362,0.803653,-0.204512,53,54,10.0513,1.29692,3.67255,490.035,0.00147293,1290.61,2,0.294276,0.00905466,0.996675,1.17919,53,54,2022-07-05T17:59:41Z
4,,82s-1050,1.1,LI-7810,TG10-01087,2,5,318,8,4244.1,46.96,6835.06,1657043950,38.8745,-76.552,1.03,23.8,9,America/New_York,101.521,37.5625,26.1449,9999,0.007,0.224,27.5,2045.96,523.124,28.128,0,-1.74324,6.2665,0,2050.92,9.97174e-5,0,10,0.410678,0.0126362,0.803653,-0.204512,53,54,10.0513,1.29692,3.67255,490.035,0.00147293,1290.61,2,0.294276,0.00905466,0.996675,1.17919,53,54,2022-07-05T17:59:42Z
4,,82s-1050,1.1,LI-7810,TG10-01087,2,5,318,8,4244.1,46.96,6835.06,1657043950,38.8745,-76.552,1.03,23.8,9,America/New_York,101.528,37.5729,26.1449,9999,0.007,0.224,27.5,2046.03,523.318,28.1267,0,-1.74324,6.2665,0,2050.92,9.97174e-5,0,10,0.410678,0.0126362,0.803653,-0.204512,53,54,10.0513,1.29692,3.67255,490.035,0.00147293,1290.61,2,0.294276,0.00905466,0.996675,1.17919,53,54,2022-07-05T17:59:43Z
4,,82s-1050,1.1,LI-7810,TG10-01087,2,5,318,8,4244.1,46.96,6835.06,1657043950,38.8745,-76.552,1.03,23.8,9,America/New_York,101.527,37.5729,26.146,9999,0.007,0.224,27.5,2045.78,525.769,28.1256,0,-1.74324,6.2665,0,2050.92,9.97174e-5,0,10,0.410678,0.0126362,0.803653,-0.204512,53,54,10.0513,1.29692,3.67255,490.035,0.00147293,1290.61,2,0.294276,0.00905466,0.996675,1.17919,53,54,2022-07-05T17:59:44Z
4,,82s-1050,1.1,LI-7810,TG10-01087,2,5,318,8,4244.1,46.96,6835.06,1657043950,38.8745,-76.552,1.03,23.8,9,America/New_York,101.523,37.5625,26.146,9999,0.007,0.224,27.5,2045.3,526.024,28.1225,0,-1.74324,6.2665,0,2050.92,9.97174e-5,0,10,0.410678,0.0126362,0.803653,-0.204512,53,54,10.0513,1.29692,3.67255,490.035,0.00147293,1290.61,2,0.294276,0.00905466,0.996675,1.17919,53,54,2022-07-05T17:59:45Z
4,,82s-1050,1.1,LI-7810,TG10-01087,2,5,318,8,4244.1,46.96,6835.06,1657043950,38.8745,-76.552,1.03,23.8,9,America/New_York,101.526,37.5833,26.1449,9999,0.007,0.224,27.5,2045.37,526.607,28.1247,0,-1.74324,6.2665,0,2050.92,9.97174e-5,0,10,0.410678,0.0126362,0.803653,-0.204512,53,54,10.0513,1.29692,3.67255,490.035,0.00147293,1290.61,2,0.294276,0.00905466,0.996675,1.17919,53,54,2022-07-05T17:59:46Z
4,,82s-1050,1.1,LI-7810,TG10-01087,2,5,318,8,4244.1,46.96,6835.06,1657043950,38.8745,-76.552,1.03,23.8,9,America/New_York,101.527,37.5875,26.1449,9999,0.007,0.224,27.5,2045.02,528.153,28.1203,0,-1.74324,6.2665,0,2050.92,9.97174e-5,0,10,0.410678,0.0126362,0.803653,-0.204512,53,54,10.0513,1.29692,3.67255,490.035,0.00147293,1290.61,2,0.294276,0.00905466,0.996675,1.17919,53,54,2022-07-05T17:59:47Z
4,,82s-1050,1.1,LI-7810,TG10-01087,2,5,318,8,4244.1,46.96,6835.06,1657043950,38.8745,-76.552,1.03,23.8,9,America/New_York,101.524,37.5833,26.1449,9999,0.007,0.224,27.5,2044.75,530.045,28.1189,0,-1.74324,6.2665,0,2050.92,9.97174e-5,0,10,0.410678,0.0126362,0.803653,-0.204512,53,54,10.0513,1.29692,3.67255,490.035,0.00147293,1290.61,2,0.294276,0.00905466,0.996675,1.17919,53,54,2022-07-05T17:59:48Z
4,,82s-1050,1.1,LI-7810,TG10-01087,2,5,318,8,4244.1,46.96,6835.06,1657043950,38.8745,-76.552,1.03,23.8,9,America/New_York,101.521,37.5625,26.1438,9999,0.007,0.224,27.5,2044.81,531.72,28.1184,0,-1.74324,6.2665,0,2050.92,9.97174e-5,0,10,0.410678,0.0126362,0.803653,-0.204512,53,54,10.0513,1.29692,3.67255,490.035,0.00147293,1290.61,2,0.294276,0.00905466,0.996675,1.17919,53,54,2022-07-05T17:59:49Z
4,,82s-1050,1.1,LI-7810,TG10-01087,2,5,318,8,4244.1,46.96,6835.06,1657043950,38.8745,-76.552,1.03,23.8,9,America/New_York,101.522,37.5833,26.1449,9999,0.007,0.224,27.5,2044.18,533.147,28.1118,0,-1.74324,6.2665,0,2050.92,9.97174e-5,0,10,0.410678,0.0126362,0.803653,-0.204512,53,54,10.0513,1.29692,3.67255,490.035,0.00147293,1290.61,2,0.294276,0.00905466,0.996675,1.17919,53,54,2022-07-05T17:59:50Z
4,,82s-1050,1.1,LI-7810,TG10-01087,2,5,318,8,4244.1,46.96,6835.06,1657043950,38.8745,-76.552,1.03,23.8,9,America/New_York,101.517,37.5729,26.1449,9999,0.007,0.224,27.5,2044.2,532.949,28.1117,0,-1.74324,6.2665,0,2050.92,9.97174e-5,0,10,0.410678,0.0126362,0.803653,-0.204512,53,54,10.0513,1.29692,3.67255,490.035,0.00147293,1290.61,2,0.294276,0.00905466,0.996675,1.17919,53,54,2022-07-05T17:59:51Z
4,,82s-1050,1.1,LI-7810,TG10-01087,2,5,318,8,4244.1,46.96,6835.06,1657043950,38.8745,-76.552,1.03,23.8,9,America/New_York,101.521,37.5938,26.1449,9999,0.007,0.224,27.5,2044.13,534.743,28.1087,0,-1.74324,6.2665,0,2050.92,9.97174e-5,0,10,0.410678,0.0126362,0.803653,-0.204512,53,54,10.0513,1.29692,3.67255,490.035,0.00147293,1290.61,2,0.294276,0.00905466,0.996675,1.17919,53,54,2022-07-05T17:59:52Z
4,,82s-1050,1.1,LI-7810,TG10-01087,2,5,318,8,4244.1,46.96,6835.06,1657043950,38.8745,-76.552,1.03,23.8,9,America/New_York,101.521,37.6146,26.1449,9999,0.007,0.224,27.5,2043.88,535.018,28.1062,0,-1.74324,6.2665,0,2050.92,9.97174e-5,0,10,0.410678,0.0126362,0.803653,-0.204512,53,54,10.0513,1.29692,3.67255,490.035,0.00147293,1290.61,2,0.294276,0.00905466,0.996675,1.17919,53,54,2022-07-05T17:59:53Z
4,,82s-1050,1.1,LI-7810,TG10-01087,2,5,318,8,4244.1,46.96,6835.06,1657043950,38.8745,-76.552,1.03,23.8,9,America/New_York,101.519,37.6146,26.146,9999,0.007,0.224,27.5,2043.42,535.631,28.1037,0,-1.74324,6.2665,0,2050.92,9.97174e-5,0,10,0.410678,0.0126362,0.803653,-0.204512,53,54,10.0513,1.29692,3.67255,490.035,0.00147293,1290.61,2,0.294276,0.00905466,0.996675,1.17919,53,54,2022-07-05T17:59:54Z
4,,82s-1050,1.1,LI-7810,TG10-01087,2,5,318,8,4244.1,46.96,6835.06,1657043950,38.8745,-76.552,1.03,23.8,9,America/New_York,101.518,37.6,26.1449,9999,0.007,0.224,27.5,2042.75,538.904,28.088,0,-1.74324,6.2665,0,2050.92,9.97174e-5,0,10,0.410678,0.0126362,0.803653,-0.204512,53,54,10.0513,1.29692,3.67255,490.035,0.00147293,1290.61,2,0.294276,0.00905466,0.996675,1.17919,53,54,2022-07-05T17:59:55Z
4,,82s-1050,1.1,LI-7810,TG10-01087,2,5,318,8,4244.1,46.96,6835.06,1657043950,38.8745,-76.552,1.03,23.8,9,America/New_York,101.526,37.6458,26.146,9999,0.007,0.224,27.5,2042.63,538.098,28.095,0,-1.74324,6.2665,0,2050.92,9.97174e-5,0,10,0.410678,0.0126362,0.803653,-0.204512,53,54,10.0513,1.29692,3.67255,490.035,0.00147293,1290.61,2,0.294276,0.00905466,0.996675,1.17919,53,54,2022-07-05T17:59:56Z
4,,82s-1050,1.1,LI-7810,TG10-01087,2,5,318,8,4244.1,46.96,6835.06,1657043950,38.8745,-76.552,1.03,23.8,9,America/New_York,101.522,37.625,26.1449,9999,0.007,0.224,27.5,2042.73,539.816,28.1015,0,-1.74324,6.2665,0,2050.92,9.97174e-5,0,10,0.410678,0.0126362,0.803653,-0.204512,53,54,10.0513,1.29692,3.67255,490.035,0.00147293,1290.61,2,0.294276,0.00905466,0.996675,1.17919,53,54,2022-07-05T17:59:57Z
4,,82s-1050,1.1,LI-7810,TG10-01087,2,5,318,8,4244.1,46.96,6835.06,1657043950,38.8745,-76.552,1.03,23.8,9,America/New_York,101.524,37.6354,26.1434,9999,0.007,0.224,27.5,2041.76,542.395,28.0943,0,-1.74324,6.2665,0,2050.92,9.97174e-5,0,10,0.410678,0.0126362,0.803653,-0.204512,53,54,10.0513,1.29692,3.67255,490.035,0.00147293,1290.61,2,0.294276,0.00905466,0.996675,1.17919,53,54,2022-07-05T17:59:58Z
4,,82s-1050,1.1,LI-7810,TG10-01087,2,5,318,8,4244.1,46.96,6835.06,1657043950,38.8745,-76.552,1.03,23.8,9,America/New_York,101.523,37.6354,26.1427,9999,0.007,0.224,27.5,2041.55,541.94,28.095,0,-1.74324,6.2665,0,2050.92,9.97174e-5,0,10,0.410678,0.0126362,0.803653,-0.204512,53,54,10.0513,1.29692,3.67255,490.035,0.00147293,1290.61,2,0.294276,0.00905466,0.996675,1.17919,53,54,2022-07-05T17:59:59Z
4,,82s-1050,1.1,LI-7810,TG10-01087,2,5,318,8,4244.1,46.96,6835.06,1657043950,38.8745,-76.552,1.03,23.8,9,America/New_York,101.521,37.625,26.1427,9999,0.007,0.224,27.5,2041.54,542.582,28.0928,0,-1.74324,6.2665,0,2050.92,9.97174e-5,0,10,0.410678,0.0126362,0.803653,-0.204512,53,54,10.0513,1.29692,3.67255,490.035,0.00147293,1290.61,2,0.294276,0.00905466,0.996675,1.17919,53,54,2022-07-05T18:00:00Z
4,,82s-1050,1.1,LI-7810,TG10-01087,2,5,318,8,4244.1,46.96,6835.06,1657043950,38.8745,-76.552,1.03,23.8,9,America/New_York,101.516,37.6042,26.1427,9999,0.007,0.224,27.5,2041.54,543.418,28.096,0,-1.74324,6.2665,0,2050.92,9.97174e-5,0,10,0.410678,0.0126362,0.803653,-0.204512,53,54,10.0513,1.29692,3.67255,490.035,0.00147293,1290.61,2,0.294276,0.00905466,0.996675,1.17919,53,54,2022-07-05T18:00:01Z
4,,82s-1050,1.1,LI-7810,TG10-01087,2,5,318,8,4244.1,46.96,6835.06,1657043950,38.8745,-76.552,1.03,23.8,9,America/New_York,101.521,37.6458,26.1427,9999,0.007,0.224,27.5,2041.48,545.331,28.1006,0,-1.74324,6.2665,0,2050.92,9.97174e-5,0,10,0.410678,0.0126362,0.803653,-0.204512,53,54,10.0513,1.29692,3.67255,490.035,0.00147293,1290.61,2,0.294276,0.00905466,0.996675,1.17919,53,54,2022-07-05T18:00:02Z
4,,82s-1050,1.1,LI-7810,TG10-01087,2,5,318,8,4244.1,46.96,6835.06,1657043950,38.8745,-76.552,1.03,23.8,9,America/New_York,101.522,37.6354,26.1427,9999,0.007,0.224,27.5,2041.05,547.69,28.1004,0,-1.74324,6.2665,0,2050.92,9.97174e-5,0,10,0.410678,0.0126362,0.803653,-0.204512,53,54,10.0513,1.29692,3.67255,490.035,0.00147293,1290.61,2,0.294276,0.00905466,0.996675,1.17919,53,54,2022-07-05T18:00:03Z
4,,82s-1050,1.1,LI-7810,TG10-01087,2,5,318,8,4244.1,46.96,6835.06,1657043950,38.8745,-76.552,1.03,23.8,9,America/New_York,101.521,37.6375,26.1427,9999,0.007,0.224,27.5,2040.92,548.032,28.1031,0,-1.74324,6.2665,0,2050.92,9.97174e-5,0,10,0.410678,0.0126362,0.803653,-0.204512,53,54,10.0513,1.29692,3.67255,490.035,0.00147293,1290.61,2,0.294276,0.00905466,0.996675,1.17919,53,54,2022-07-05T18:00:04Z
4,,82s-1050,1.1,LI-7810,TG10-01087,2,5,318,8,4244.1,46.96,6835.06,1657043950,38.8745,-76.552,1.03,23.8,9,America/New_York,101.52,37.6458,26.1449,9999,0.007,0.224,27.5,2041.2,547.226,28.1025,0,-1.74324,6.2665,0,2050.92,9.97174e-5,0,10,0.410678,0.0126362,0.803653,-0.204512,53,54,10.0513,1.29692,3.67255,490.035,0.00147293,1290.61,2,0.294276,0.00905466,0.996675,1.17919,53,54,2022-07-05T18:00:05Z
4,,82s-1050,1.1,LI-7810,TG10-01087,2,5,318,8,4244.1,46.96,6835.06,1657043950,38.8745,-76.552,1.03,23.8,9,America/New_York,101.523,37.6562,26.1449,9999,0.007,0.224,27.5,2040.93,548.551,28.1001,0,-1.74324,6.2665,0,2050.92,9.97174e-5,0,10,0.410678,0.0126362,0.803653,-0.204512,53,54,10.0513,1.29692,3.67255,490.035,0.00147293,1290.61,2,0.294276,0.00905466,0.996675,1.17919,53,54,2022-07-05T18:00:06Z
4,,82s-1050,1.1,LI-7810,TG10-01087,2,5,318,8,4244.1,46.96,6835.06,1657043950,38.8745,-76.552,1.03,23.8,9,America/New_York,101.52,37.6458,26.1427,9999,0.007,0.224,27.5,2040.74,549.635,28.1025,0,-1.74324,6.2665,0,2050.92,9.97174e-5,0,10,0.410678,0.0126362,0.803653,-0.204512,53,54,10.0513,1.29692,3.67255,490.035,0.00147293,1290.61,2,0.294276,0.00905466,0.996675,1.17919,53,54,2022-07-05T18:00:07Z
4,,82s-1050,1.1,LI-7810,TG10-01087,2,5,318,8,4244.1,46.96,6835.06,1657043950,38.8745,-76.552,1.03,23.8,9,America/New_York,101.517,37.6562,26.1427,9999,0.007,0.224,27.5,2040.68,550.685,28.1007,0,-1.74324,6.2665,0,2050.92,9.97174e-5,0,10,0.410678,0.0126362,0.803653,-0.204512,53,54,10.0513,1.29692,3.67255,490.035,0.00147293,1290.61,2,0.294276,0.00905466,0.996675,1.17919,53,54,2022-07-05T18:00:08Z
4,,82s-1050,1.1,LI-7810,TG10-01087,2,5,318,8,4244.1,46.96,6835.06,1657043950,38.8745,-76.552,1.03,23.8,9,America/New_York,101.517,37.6458,26.1427,9999,0.007,0.224,27.5,2040.32,551.786,28.1029,0,-1.74324,6.2665,0,2050.92,9.97174e-5,0,10,0.410678,0.0126362,0.803653,-0.204512,53,54,10.0513,1.29692,3.67255,490.035,0.00147293,1290.61,2,0.294276,0.00905466,0.996675,1.17919,53,54,2022-07-05T18:00:09Z
