label,remark,Chamber,Version,InstrumentModel,InstrumentSerialNumber,RepNum,DeadBand,Area,Offset,ChamVolume,IrgaVolume,TotalVolume,gps_time,latitude,longitude,gps_hdop,altitude,gps_sats,TimeZone,chamber_p,chamber_t,soil_t,soilp_c,soilp_m,soilp_t,ch4_F_o,ch4_F_cv,ch4_t_o,ch4_C_o,ch4_a,ch4_C_x,ch4_iter,ch4_sei,ch4_ses,ch4_r2,ch4_slope,ch4_domain,ch4_n,co2_F_o,co2_F_cv,co2_t_o,co2_C_o,co2_a,co2_C_x,co2_iter,co2_sei,co2_ses,co2_r2,co2_slope,co2_domain,co2_n,TIMESTAMP
4,,82s-1050,1.1,LI-7810,TG10-01087,1,5,318,8,4244.1,46.96,6835.06,1718384789,38.8745,-76.552,0.86,15.9,13,America/New_York,101.28330000000001,28.434545000000004,9999,0,0,25.09999999999998,-3.6862,3.54997,0,2092.87,2.08191e-4,0,10,0.48775,0.0147803,0.940023,-0.435716,54,55,19.9428,1.104,2.49202,428.357,0.0173774,564.009,5,0.273342,0.00828309,0.998225,2.35727,54,55,2024-06-14T17:06:30Z
4,,82s-1050,1.1,LI-7810,TG10-01087,2,5,318,8,4244.1,46.96,6835.06,1718384874,38.8745,-76.5519,0.93,15.4,11,America/New_York,101.27940000000002,28.299864999999997,9999,0,0,25.16500000000002,-2.702,2.57041,0,2091.02,1.52554e-4,0,10,0.243392,0.00748898,0.971499,-0.318994,53,54,11.6591,1.11217,4.92961,420.227,0.0092570800000000009,568.919,6,0.168299,0.00517843,0.998798,1.37645,53,54,2024-06-14T17:07:55Z
2,,82s-1050,1.1,LI-7810,TG10-01087,1,5,318,8,4244.1,46.96,6835.06,1718384996,38.8744,-76.552,1.01,13.6,12,America/New_York,101.2818333333334,29.575513333333323,9999,0.0010000000000000007,0,25.40000000000002,-4.19554,10.2965,0,2092.44,2.37628e-4,0,10,1.68073,0.0509313,0.452632,-0.497222,54,55,16.4326,1.54005,-5.67418,420.805,0.00776148,671.719,3,0.726223,0.0220068,0.987977,1.94746,54,55,2024-06-14T17:09:57Z
2,,82s-1050,1.1,LI-7810,TG10-01087,2,5,318,8,4244.1,46.96,6835.06,1718385082,38.8743,-76.552,0.8,10.3,14,America/New_York,101.27248333333335,29.817669999999968,9999,0.0010000000000000007,0,25.40000000000002,-3.08661,1.22266,0,2092.16,1.75045e-4,0,10,0.0764773,0.00231749,0.997882,-0.366223,54,55,9.9908,1.13798,0.784974,420.151,0.0037052,740.079,2,0.175187,0.00530869,0.998656,1.1854,54,55,2024-06-14T17:11:22Z
3,,82s-1050,1.1,LI-7810,TG10-01087,1,5,318,8,4244.1,46.96,6835.06,1718385187,38.8744,-76.5519,0.72,11.2,15,America/New_York,101.26513333333331,29.280553333333327,9999,0.0010000000000000007,0,25.40000000000002,-5.63085,1.25305,5.76902,2090.58,0.024391,2063.21,10,0.149554,0.00460166,0.992047,-0.667609,53,54,13.4152,1.1906,3.09979,427.029,0.0101039,584.448,5,0.293565,0.00903276,0.99704,1.59054,53,54,2024-06-14T17:13:08Z
3,,82s-1050,1.1,LI-7810,TG10-01087,2,5,318,8,4244.1,46.96,6835.06,1718385272,38.8744,-76.552,0.9,11.4,12,America/New_York,101.26905000000004,28.994481666666672,9999,0.0010000000000000007,0,25.40000000000002,-2.33935,2.2243,0,2087.79,1.32662e-4,0,10,0.179395,0.00543621,0.979807,-0.276971,54,55,10.1829,1.16022,4.75552,432.878,0.00896379,567.377,2,0.199306,0.00603959,0.997857,1.20563,54,55,2024-06-14T17:14:32Z
1,,82s-1050,1.1,LI-7810,TG10-01087,1,5,318,8,4244.1,46.96,6835.06,1718385381,38.8745,-76.5519,0.89,11.3,13,America/New_York,101.24060000000001,31.01975166666665,9999,0.0010000000000000007,0,25.53666666666664,-2.49065,6.5415,0,2089.9,1.41872e-4,0,10,0.631812,0.0191458,0.780667,-0.296498,54,55,8.92716,1.8022,-8.59307,425.787,3.34859e-4,3599.46,2,0.514664,0.0155959,0.9884,1.06273,54,55,2024-06-14T17:16:22Z
1,,82s-1050,1.1,LI-7810,TG10-01087,2,5,318,8,4244.1,46.96,6835.06,1718385466,38.8745,-76.5519,0.89,10.9,13,America/New_York,101.22671666666665,31.59438,9999,0,0,25.90000000000002,0,0,0,0,0,0,0,0,0,0,0,0,0,0,0,0,0,0,0,0,0,0,0,0,0,0,2024-06-14T17:17:47Z
5,,82s-1050,1.1,LI-7810,TG10-01087,1,5,318,8,4244.1,46.96,6835.06,1718385606,38.8746,-76.552,0.88,12.1,11,America/New_York,101.25138333333334,29.785866666666667,9999,0.0010000000000000007,0,26.200000000000028,-2.74726,1.65869,0,2076.9,1.57175e-4,0,10,0.13864,0.00420122,0.991248,-0.326436,54,55,7.82244,1.35592,-0.126829,451.086,0.00279247,783.94,2,0.264503,0.00801526,0.995288,0.929482,54,55,2024-06-14T17:20:06Z
5,,82s-1050,1.1,LI-7810,TG10-01087,2,5,318,8,4244.1,46.96,6835.06,1718385691,38.8744,-76.5519,0.79,10.2,15,America/New_York,101.25400000000003,29.46363166666668,9999,0.0010000000000000007,0,26.200000000000028,-2.89817,4.45488,0,2083.53,1.65004e-4,0,10,0.491269,0.014887,0.901211,-0.343791,54,55,7.76246,1.36646,-0.9277,435.41,0.00231655,832.903,2,0.267016,0.00809139,0.995242,0.920809,54,55,2024-06-14T17:21:31Z
7,,82s-1050,1.1,LI-7810,TG10-01087,1,5,318,8,4244.1,46.96,6835.06,1718385797,38.8745,-76.5519,0.84,14.1,12,America/New_York,101.25904999999999,29.30883333333334,9999,0.0010000000000000007,0,26.200000000000028,-2.51875,3.53667,0,2091.25,1.42695e-4,0,10,0.332679,0.0100812,0.939712,-0.298411,54,55,8.5627,1.23721,6.82432,416.471,0.00300022,754.604,2,0.220938,0.00669508,0.997315,1.01447,54,55,2024-06-14T17:23:18Z
7,,82s-1050,1.1,LI-7810,TG10-01087,2,5,318,8,4244.1,46.96,6835.06,1718385882,38.8745,-76.5518,0.81,18.8,14,America/New_York,101.25981666666671,29.33005166666668,9999,0.0010000000000000007,0,26.400000000000023,-3.2587,1.1512,5.00858,2091.61,0.0116538,2058.47,10,0.0611302,0.00185243,0.997736,-0.386233,54,55,8.9348,1.11671,2.25223,419.337,0.00668446,577.761,6,0.13616,0.00412606,0.998799,1.05898,54,55,2024-06-14T17:24:43Z
6,,82s-1050,1.1,LI-7810,TG10-01087,1,5,318,8,4244.1,46.96,6835.06,1718385985,38.8745,-76.5519,0.9,19.6,13,America/New_York,101.26043333333338,29.356843333333334,9999,0.0010000000000000007,0,26.400000000000023,-3.06685,1.4107,0,2091.72,1.73801e-4,0,10,0.113491,0.00343913,0.995268,-0.363544,54,55,9.43151,1.17751,1.56552,415.819,0.00304324,783.193,2,0.199146,0.00603474,0.998137,1.11801,54,55,2024-06-14T17:26:26Z
6,,82s-1050,1.1,LI-7810,TG10-01087,2,5,318,8,4244.1,46.96,6835.06,1718386070,38.8745,-76.5519,0.92,19.6,12,America/New_York,101.25798333333334,29.42388499999999,9999,0.0010000000000000007,0,26.400000000000023,0,0,0,0,0,0,0,0,0,0,0,0,0,0,0,0,0,0,0,0,0,0,0,0,0,0,2024-06-14T17:27:51Z
8,,82s-1050,1.1,LI-7810,TG10-01087,1,5,318,8,4244.1,46.96,6835.06,1718386178,38.8746,-76.5519,0.83,19,14,America/New_York,101.25029999999998,29.21251999999999,9999,0.0010000000000000007,0,26.400000000000023,-4.19946,1.94048,0,2091.17,2.37842e-4,0,10,0.268202,0.00812732,0.985959,-0.49737,54,55,13.8344,1.1681,3.02945,413.44,0.00831854,610.409,5,0.280516,0.00850049,0.997691,1.6385,54,55,2024-06-14T17:29:39Z
8,,82s-1050,1.1,LI-7810,TG10-01087,2,5,318,8,4244.1,46.96,6835.06,1718386264,38.8746,-76.5519,0.85,17.5,13,America/New_York,101.25090000000002,29.25418833333334,9999,0.0010000000000000007,0,26.400000000000023,-61.0709,1.28956,-0.495021,2077.17,0.640926,2065.88,2,1.79911,0.0545185,0.00321977,-7.23807,54,55,11.1114,1.26348,6.05068,447.929,0.0112513,564.975,9,0.307528,0.00931902,0.995318,1.31691,54,55,2024-06-14T17:31:05Z
9,,82s-1050,1.1,LI-7810,TG10-01087,1,5,318,8,4244.1,46.96,6835.06,1718386410,38.8746,-76.552,0.85,19.4,13,America/New_York,101.24036666666665,29.70203333333334,9999,0.0010000000000000007,0,26.400000000000023,-1.63978,2.55597,0,2093.01,9.30741e-5,0,10,0.147636,0.00454263,0.971787,-0.194805,53,54,10.2392,1.11056,0.334625,448.371,0.00143922,1293.55,2,0.146916,0.00452049,0.999213,1.21641,53,54,2024-06-14T17:33:31Z
9,,82s-1050,1.1,LI-7810,TG10-01087,2,5,318,8,4244.1,46.96,6835.06,1718386495,38.8745,-76.552,0.85,20.6,13,America/New_York,101.23571666666668,29.603293333333365,9999,0.0010000000000000007,0,26.400000000000023,-1.40934,2.43135,0,2093.88,7.99085e-5,0,10,0.121171,0.00367186,0.974564,-0.167318,54,55,9.39352,1.16027,1.88435,421.185,0.00205907,962.792,2,0.184272,0.005584,0.998494,1.1152,54,55,2024-06-14T17:34:56Z
12,,82s-1050,1.1,LI-7810,TG10-01087,1,5,318,8,4244.1,46.96,6835.06,1718386613,38.8746,-76.552,1.5,22.4,7,America/New_York,101.23321666666665,29.834008333333333,9999,0,0,26.700000000000028,-0.520285,11.9942,0,2092.49,2.9523e-5,0,10,0.239893,0.00738132,0.279988,-0.0617765,53,54,11.4105,1.20863,-5.04544,422.368,0.00707878,613.762,4,0.266156,0.00818941,0.996811,1.35484,53,54,2024-06-14T17:36:54Z
12,,82s-1050,1.1,LI-7810,TG10-01087,2,5,318,8,4244.1,46.96,6835.06,1718386697,38.8747,-76.552,0.81,22.5,14,America/New_York,101.23256666666666,29.94225833333332,9999,0,0,26.700000000000028,0,0,0,0,0,0,0,0,0,0,0,0,0,0,0,0,0,0,0,0,0,0,0,0,0,0,2024-06-14T17:38:19Z
10,,82s-1050,1.1,LI-7810,TG10-01087,1,5,318,8,4244.1,46.96,6835.06,1718386844,38.8746,-76.5521,0.87,21,12,America/New_York,101.22899999999998,29.714433333333336,9999,0.0010000000000000007,0,26.700000000000028,-1.55068,1.23073,1.32998,2094.08,0.0134607,2080.41,8,0.0387423,0.00119207,0.995153,-0.18412799999999999,53,54,12.061,1.1665,0.406948,431.199,0.0113944,556.886,5,0.239682,0.00737482,0.997226,1.43213,53,54,2024-06-14T17:40:45Z
10,,82s-1050,1.1,LI-7810,TG10-01087,2,5,318,8,4244.1,46.96,6835.06,1718386929,38.8746,-76.552,0.83,17.9,14,America/New_York,101.22796666666667,29.72328666666668,9999,0.0010000000000000007,0,26.700000000000028,-0.853185,2.87673,0,2093.77,4.83967e-5,0,10,0.0896028,0.00271524,0.9622,-0.101331,54,55,8.18565,1.18002,3.08702,434.092,0.00312845,744.852,2,0.174817,0.00529748,0.99811,0.972196,54,55,2024-06-14T17:42:10Z
11,,82s-1050,1.1,LI-7810,TG10-01087,1,5,318,8,4244.1,46.96,6835.06,1718387075,38.8746,-76.552,0.95,16.8,14,America/New_York,101.22736666666668,29.663993333333327,9999,0.0010000000000000007,0,26.700000000000028,-1.58159,1.82122,-2.94775,2096.45,0.0340469,2090.94,10,0.0909863,0.00279958,0.906158,-0.187841,53,54,12.5762,1.60393,-1.57817,422.463,0.0148557,523.005,10,0.589957,0.0181525,0.980137,1.49363,53,54,2024-06-14T17:44:36Z
11,,82s-1050,1.1,LI-7810,TG10-01087,2,5,318,8,4244.1,46.96,6835.06,1718387161,38.8746,-76.552,0.79,16.4,15,America/New_York,101.23185,29.55065666666667,9999,3.3333333333333354e-4,0,26.700000000000028,-0.435783,7.94412,0,2099.61,2.46411e-5,0,10,0.134448,0.0040742,0.679483,-0.0517367,54,55,7.87079,1.4065,4.68766,423.31,0.0114621,504.833,4,0.289695,0.0087786200000000009,0.991414,0.93443,54,55,2024-06-14T17:46:01Z
15,,82s-1050,1.1,LI-7810,TG10-01087,1,5,318,8,4244.1,46.96,6835.06,1718387391,38.8744,-76.5522,0.9,17.8,11,America/New_York,101.20813333333336,29.733363333333333,9999,0,0,26.900000000000023,-1.12889,5.64304,0,2094.58,6.3995e-5,0,10,0.245282,0.00743278,0.837754,-0.134043,54,55,8.40459,1.16393,-2.25619,425.095,0.00258536,811.096,2,0.167485,0.00507529,0.998361,0.997954,54,55,2024-06-14T17:49:51Z
15,,82s-1050,1.1,LI-7810,TG10-01087,2,5,318,8,4244.1,46.96,6835.06,1718387476,38.8745,-76.5522,1,16.4,12,America/New_York,101.20988333333335,29.828474999999987,9999,0,0,26.783333333333353,-1.0031,2.44945,0,2100.44,5.67432e-5,0,10,0.0857789,0.00263935,0.974816,-0.119185,53,54,9.69808,1.19903,3.7499,418.447,0.0126026,509.88,6,0.21896,0.00673723,0.996455,1.15229,53,54,2024-06-14T17:51:17Z
14,,82s-1050,1.1,LI-7810,TG10-01087,1,5,318,8,4244.1,46.96,6835.06,1718387602,38.8744,-76.5522,0.93,18.5,14,America/New_York,101.21499999999999,29.643733333333323,9999,0.0010000000000000007,0,26.900000000000023,-1.06743,8.06464,0,2097.65,6.04349e-5,0,10,0.329457,0.0101371,0.67065,-0.126771,53,54,11.9669,1.29054,-3.65139,413.496,0.00607658,647.382,3,0.348569,0.0107252,0.995462,1.42123,53,54,2024-06-14T17:53:23Z
14,,82s-1050,1.1,LI-7810,TG10-01087,2,5,318,8,4244.1,46.96,6835.06,1718387687,38.8745,-76.5522,0.93,21.1,14,America/New_York,101.20966666666668,29.53575166666666,9999,0.0010000000000000007,0,26.900000000000023,-1.0788,3.02216,0,2100.15,6.09993e-5,0,10,0.119853,0.00363191,0.957645,-0.128108,54,55,10.6769,1.17993,1.0362,416.13,0.00357833,770.456,2,0.227727,0.0069008,0.998036,1.26789,54,55,2024-06-14T17:54:48Z
49,,82s-1050,1.1,LI-7810,TG10-01087,1,5,318,8,4244.1,46.96,6835.06,1718387866,38.8745,-76.5521,0.97,16.9,13,America/New_York,101.21751666666668,29.408114999999995,9999,8.333333333333333e-5,0,26.900000000000023,-0.920084,3.75858,0,2095.48,5.20785e-5,0,10,0.129999,0.00393938,0.931402,-0.10913,54,55,4.034,1.66639,0,415.866,4.78664e-7,1000000,10,0.204698,0.00620297,0.991134,0.478465,54,55,2024-06-14T17:57:46Z
49,,82s-1050,1.1,LI-7810,TG10-01087,2,5,318,8,4244.1,46.96,6835.06,1718387951,38.8746,-76.5521,0.92,17.7,13,America/New_York,101.21245000000003,29.470308333333346,9999,5.000000000000003e-4,0,26.900000000000023,-1.02498,4.68802,0,2095.62,5.80391e-5,0,10,0.183412,0.00555794,0.889988,-0.121628,54,55,5.005,1.20859,4.7255,415.543,0.00400788,563.729,2,0.118368,0.00358692,0.997589,0.593912,54,55,2024-06-14T17:59:11Z
13,,82s-1050,1.1,LI-7810,TG10-01087,1,5,318,8,4244.1,46.96,6835.06,1718388077,38.8745,-76.5521,0.92,16.9,13,America/New_York,101.20185,29.575290000000003,9999,3.8333333333333356e-4,0,26.900000000000023,-1.55098,1.98096,0,2097.5,8.7785e-5,0,10,0.102182,0.00309643,0.98509,-0.184129,54,55,9.2143,1.17878,-1.53457,416.251,0.00486176,641.252,3,0.19551,0.00592454,0.997841,1.0939,54,55,2024-06-14T18:01:18Z
13,,82s-1050,1.1,LI-7810,TG10-01087,2,5,318,8,4244.1,46.96,6835.06,1718388162,38.8746,-76.5521,0.78,16.5,14,America/New_York,101.19869999999997,29.626133333333335,9999,0,0,26.900000000000023,-1.48517,1.32254,0,2098.18,8.40497e-5,0,10,0.0463155,0.00142509,0.996612,-0.176351,53,54,8.30613,1.14827,-0.394479,420.627,0.00257124,804.21,2,0.151177,0.00465161,0.998634,0.986285,53,54,2024-06-14T18:02:44Z
16,,82s-1050,1.1,LI-7810,TG10-01087,1,5,318,8,4244.1,46.96,6835.06,1718388305,38.8745,-76.5521,0.78,19.5,14,America/New_York,101.19484999999999,29.813595000000003,9999,5.833333333333337e-4,0,26.900000000000023,-2.22195,1.20662,3.11986,2096.24,0.0178655,2081.47,10,0.052228,0.00158267,0.994844,-0.26393,54,55,17.321,1.156,3.4053,418.153,0.0158568,547.905,5,0.332606,0.010079,0.996918,2.05744,54,55,2024-06-14T18:05:06Z
16,,82s-1050,1.1,LI-7810,TG10-01087,2,5,318,8,4244.1,46.96,6835.06,1718388390,38.8745,-76.5523,0.86,20.1,14,America/New_York,101.1959,29.613916666666675,9999,0,0,26.900000000000023,-1.01853,3.36877,0,2095.99,5.76555e-5,0,10,0.127691,0.00386942,0.946202,-0.120845,54,55,9.98251,1.28969,-1.6544,409.342,0.0066737,586.815,3,0.294371,0.00892032,0.995295,1.1844,54,55,2024-06-14T18:06:31Z
17,,82s-1050,1.1,LI-7810,TG10-01087,1,5,318,8,4244.1,46.96,6835.06,1718388663,38.8737,-76.5526,0.96,21.2,9,America/New_York,101.19150000000005,28.630690000000005,9999,0,0,27.200000000000028,-0.182469,5.84384,-6.67526,2097.47,0.0189644,2096.33,7,0.0409979,0.00124236,0.584494,-0.0216093,54,55,10.5992,1.10846,3.36284,425.736,0.0100873,550.173,5,0.150246,0.00455292,0.998763,1.25523,54,55,2024-06-14T18:11:04Z
17,,82s-1050,1.1,LI-7810,TG10-01087,2,5,318,8,4244.1,46.96,6835.06,1718388749,38.8736,-76.5525,1.04,24.2,9,America/New_York,101.18923333333329,28.77674166666667,9999,0,0,26.960000000000026,0,0,0,0,0,0,0,0,0,0,0,0,0,0,0,0,0,0,0,0,0,0,0,0,0,0,2024-06-14T18:12:30Z
18,,82s-1050,1.1,LI-7810,TG10-01087,1,5,318,8,4244.1,46.96,6835.06,1718388865,38.8736,-76.5526,0.87,23.6,12,America/New_York,101.19160000000001,28.566108333333343,9999,2.500000000000001e-4,0,26.975000000000023,-0.149767,10.0083,0,2096.34,8.46009e-6,0,10,0.0582535,0.00176526,0.56376,-0.0177352,54,55,7.17176,1.15906,3.02462,430.229,0.00333182,685.126,2,0.139145,0.00421653,0.998411,0.849271,54,55,2024-06-14T18:14:26Z
18,,82s-1050,1.1,LI-7810,TG10-01087,2,5,318,8,4244.1,46.96,6835.06,1718388950,38.8736,-76.5526,0.84,24.5,12,America/New_York,101.19223333333329,28.471671666666655,9999,0,0,26.900000000000023,0,0,0,0,0,0,0,0,0,0,0,0,0,0,0,0,0,0,0,0,0,0,0,0,0,0,2024-06-14T18:15:50Z
20,,82s-1050,1.1,LI-7810,TG10-01087,1,5,318,8,4244.1,46.96,6835.06,1718389067,38.8737,-76.5525,0.83,24.8,14,America/New_York,101.19276666666671,28.257731666666665,9999,0,0,26.876666666666683,-0.604182,1.7299,-1.52928,2096.42,0.0603704,2095.23,10,0.0324759,9.84118e-4,0.753283,-0.0714848,54,55,22.4028,1.08902,1.83886,419.182,0.0305525,505.938,9,0.260463,0.00789281,0.997384,2.65062,54,55,2024-06-14T18:17:48Z
20,,82s-1050,1.1,LI-7810,TG10-01087,2,5,318,8,4244.1,46.96,6835.06,1718389152,38.8736,-76.5525,0.95,25.6,12,America/New_York,101.19921666666666,28.157216666666674,9999,0,0,26.54000000000003,-0.0808725,13.3642,-27.926,2095.9,0.00837122,2094.75,6,0.0420856,0.00127532,0.284417,-0.00957228,54,55,5.96803,1.51162,9.60451,424.554,0.00819613,510.74,2,0.254041,0.00769822,0.990967,0.706391,54,55,2024-06-14T18:19:13Z
19,,82s-1050,1.1,LI-7810,TG10-01087,1,5,318,8,4244.1,46.96,6835.06,1718389274,38.8736,-76.5525,1.08,30.5,11,America/New_York,101.19996666666665,28.004749999999984,9999,4.5000000000000026e-4,0,26.290000000000017,-1.0568,2.01909,-0.551241,2094.29,0.2947,2093.86,3,0.0711772,0.00215689,0.00879168,-0.124956,54,55,8.84799,1.48196,4.92217,425.495,0.0093402,537.504,2,0.361919,0.0109673,0.990503,1.04618,54,55,2024-06-14T18:21:14Z
19,,82s-1050,1.1,LI-7810,TG10-01087,2,5,318,8,4244.1,46.96,6835.06,1718389359,38.8736,-76.5525,1.02,33.7,11,America/New_York,101.19415000000002,27.968776666666667,9999,0,0,26.200000000000028,-0.0810699,12.4298,-6.87687,2093.2,0.0153871,2092.58,6,0.0391827,0.00118735,0.275155,-0.00958661,54,55,5.63029,1.27718,7.89635,435.029,0.00674316,533.765,2,0.160526,0.00486441,0.996104,0.665788,54,55,2024-06-14T18:22:39Z
51,,82s-1050,1.1,LI-7810,TG10-01087,1,5,318,8,4244.1,46.96,6835.06,1718389533,38.8737,-76.5524,0.96,33.2,9,America/New_York,101.18998333333334,27.42021999999999,9999,1.1666666666666667e-4,0,26.200000000000028,0.258144,2.99614,7.66161,2094.58,0.0334747,2095.49,3,0.0282433,8.55859e-4,0.847181,0.0304904,54,55,7.9136,1.21553,5.66887,434.202,0.00634476,581.522,4,0.19009,0.00576031,0.997186,0.934708,54,55,2024-06-14T18:25:34Z
51,,82s-1050,1.1,LI-7810,TG10-01087,2,5,318,8,4244.1,46.96,6835.06,1718389619,38.8738,-76.5523,0.99,29.2,12,America/New_York,101.18788333333329,27.24894166666667,9999,0,0,26.11000000000004,0.117741,8.01427,27.4916,2095.5,0.00786147,2097.27,5,0.0359497,0.00110614,0.744761,0.0139217,53,54,4.66106,14.8584,0,471.235,5.51384e-7,1000000,10,2.65473,0.0816841,-0.130361,0.551124,53,54,2024-06-14T18:27:00Z
32,,82s-1050,1.1,LI-7810,TG10-01087,1,5,318,8,4244.1,46.96,6835.06,1718389781,38.8737,-76.5522,0.81,23,14,America/New_York,101.17636666666667,27.490889999999993,9999,0,0,25.90000000000002,-0.106248,39.3474,0,2093.75,5.99286e-6,0,10,0.162868,0.00493539,-4.69742,-0.0125476,54,55,11.7218,1.20307,-1.7755,448.321,0.0261413,501.276,9,0.269947,0.00818021,0.990242,1.38432,54,55,2024-06-14T18:29:41Z
32,,82s-1050,1.1,LI-7810,TG10-01087,2,5,318,8,4244.1,46.96,6835.06,1718389866,38.8736,-76.5522,0.84,22.2,14,America/New_York,101.17365000000001,27.50175166666667,9999,0,0,25.90000000000002,-0.092885,10.0047,0,2093.52,5.24083e-6,0,10,0.0360248,0.00109166,0.630876,-0.0109718,54,55,4.38714,1.38655,4.29083,478.813,0.00760601,546.946,2,0.15526,0.00470484,0.993417,0.51822,54,55,2024-06-14T18:31:07Z
31,,82s-1050,1.1,LI-7810,TG10-01087,1,5,318,8,4244.1,46.96,6835.06,1718389987,38.8736,-76.5522,0.85,23.2,13,America/New_York,101.1716166666667,27.468395000000005,9999,0,0,25.599999999999977,-0.0571382,13.8751,0,2093.88,3.22377e-6,0,2,0.0308193,9.33919e-4,0.483225,-0.00675019,54,55,4.08074,1.35352,-3.95389,446.978,0.00601223,527.163,3,0.13629,0.00412999,0.99402,0.48209,54,55,2024-06-14T18:33:08Z
31,,82s-1050,1.1,LI-7810,TG10-01087,2,5,318,8,4244.1,46.96,6835.06,1718390073,38.8735,-76.5522,0.87,24.3,11,America/New_York,101.16960000000002,27.358766666666664,9999,0,0,25.599999999999977,-0.0594173,14.4933,0,2094.32,3.34727e-6,0,10,0.0329342,0.00101336,0.473602,-0.00701026,53,54,3.14266,1.45714,7.20992,424.587,0.00473767,502.85,2,0.122,0.00375383,0.993308,0.370782,53,54,2024-06-14T18:34:34Z
29,,82s-1050,1.1,LI-7810,TG10-01087,1,5,318,8,4244.1,46.96,6835.06,1718390362,38.8736,-76.5523,1.09,20.8,10,America/New_York,101.16206666666666,27.371510000000015,9999,3.166666666666668e-4,0,25.599999999999977,0.719132,1.54469,1.88149,2098.36,0.0271852,2101.49,9,0.0313421,9.64374e-4,0.9702,0.0849771,53,54,16.1223,1.08451,-0.0352722,430.471,0.0164838,546.045,5,0.172917,0.00532051,0.998876,1.9051,53,54,2024-06-14T18:39:23Z
29,,82s-1050,1.1,LI-7810,TG10-01087,2,5,318,8,4244.1,46.96,6835.06,1718390447,38.8735,-76.5523,0.93,21.8,12,America/New_York,101.16090000000005,27.063288333333333,9999,0,0,25.599999999999977,0.318141,3.22085,4.85098,2099.95,0.0141584,2102.61,4,0.0377528,0.00114402,0.905157,0.0375641,54,55,8.25641,1.31396,2.92147,458.323,0.00852812,572.635,5,0.2549,0.00772423,0.994557,0.974865,54,55,2024-06-14T18:40:48Z
30,,82s-1050,1.1,LI-7810,TG10-01087,1,5,318,8,4244.1,46.96,6835.06,1718390556,38.8736,-76.5522,1,20.5,10,America/New_York,101.16029999999998,27.651123333333338,9999,0,0,25.599999999999977,0.203734,5.24198,7.41046,2099.39,0.0283268,2100.24,3,0.0407939,0.00123618,0.664347,0.0240683,54,55,11.7783,1.08757,1.36524,428.242,0.0238533,486.575,10,0.13332,0.00404001,0.9982,1.39144,54,55,2024-06-14T18:42:36Z
30,,82s-1050,1.1,LI-7810,TG10-01087,2,5,318,8,4244.1,46.96,6835.06,1718390641,38.8736,-76.5522,1.19,21.1,9,America/New_York,101.16308333333333,27.79197166666666,9999,0,0,25.599999999999977,0.190923,4.6959,5.40811,2094.37,0.0258603,2095.24,4,0.0335766,0.00103312,0.719879,0.0225698,53,54,3.87211,1.43096,4.99616,448.313,0.00732015,510.844,2,0.144953,0.00446009,0.992798,0.457737,53,54,2024-06-14T18:44:02Z
27,,82s-1050,1.1,LI-7810,TG10-01087,1,5,318,8,4244.1,46.96,6835.06,1718390882,38.8734,-76.5523,1.1,22.6,10,America/New_York,101.15930000000003,28.16047833333333,9999,0,0,25.71000000000004,0.416514,2.08322,5.03099,2093.93,0.0282997,2095.67,8,0.0293,8.8788e-4,0.936535,0.0493126,54,55,13.4923,1.1795,2.36099,428.481,0.0278752,485.786,10,0.285463,0.00865038,0.992702,1.5974,54,55,2024-06-14T18:48:03Z
27,,82s-1050,1.1,LI-7810,TG10-01087,2,5,318,8,4244.1,46.96,6835.06,1718390968,38.8735,-76.5522,0.87,23.3,12,America/New_York,101.15613333333332,28.089995000000002,9999,0,0,25.90000000000002,0.198643,4.09278,9.9947,2093.61,0.0081345,2096.49,2,0.0302172,9.2976e-4,0.896635,0.0235004,53,54,5.18533,1.21807,7.19566,429.718,0.00531784,545.075,2,0.123799,0.0038092,0.997401,0.613451,53,54,2024-06-14T18:49:29Z
25,,82s-1050,1.1,LI-7810,TG10-01087,1,5,318,8,4244.1,46.96,6835.06,1718391087,38.8735,-76.5522,0.94,24.9,12,America/New_York,101.15281666666664,27.863490000000002,9999,2.1666666666666674e-4,0,25.90000000000002,0.10579,9.75356,-16.0356,2092.91,9.21334e-4,2106.48,5,0.0400329,0.00121312,0.647963,0.0125101,54,55,6.26565,1.46728,4.47895,422.587,7.91281e-4,1358.97,2,0.251109,0.00760935,0.994187,0.740939,54,55,2024-06-14T18:51:28Z
25,,82s-1050,1.1,LI-7810,TG10-01087,2,5,318,8,4244.1,46.96,6835.06,1718391172,38.8735,-76.5523,0.84,25.9,13,America/New_York,101.14908333333338,27.67241833333332,9999,0,0,25.599999999999977,0.106002,9.65635,8.0475,2092.42,0.0112559,2093.53,2,0.0397156,0.0012035,0.545303,0.0125374,54,55,5.1517,1.30802,5.46318,445.574,8.62389e-4,1152.12,2,0.157348,0.00476813,0.996609,0.609318,54,55,2024-06-14T18:52:53Z
28,,82s-1050,1.1,LI-7810,TG10-01087,1,5,318,8,4244.1,46.96,6835.06,1718391281,38.8734,-76.5523,0.95,29.2,12,America/New_York,101.14655,27.842253333333343,9999,0,0,25.599999999999977,-0.0864621,21.4873,0,2091.48,4.88343e-6,0,9,0.0712406,0.00219202,-0.513564,-0.0102136,53,54,7.53539,1.15609,1.50886,419.015,0.00883,519.824,6,0.141127,0.00434238,0.997898,0.890141,53,54,2024-06-14T18:54:42Z
28,,82s-1050,1.1,LI-7810,TG10-01087,2,5,318,8,4244.1,46.96,6835.06,1718391366,38.8735,-76.5523,1.1,24.6,10,America/New_York,101.14335000000003,27.868346666666678,9999,0,0,25.599999999999977,-0.118401,8.86467,0,2091.36,6.69201e-6,0,2,0.040654,0.00123194,0.699078,-0.0139954,54,55,6.10675,1.16702,6.25437,429.513,0.00544642,562.048,4,0.122179,0.00370239,0.99815,0.72184,54,55,2024-06-14T18:56:07Z
26,,82s-1050,1.1,LI-7810,TG10-01087,1,5,318,8,4244.1,46.96,6835.06,1718391500,38.8735,-76.5523,1.3,22.5,10,America/New_York,101.13963333333332,27.755820000000003,9999,3.500000000000002e-4,0,25.599999999999977,-0.154768,6.60299,0.434002,2090.79,0.00887771,2088.73,6,0.0393339,0.00119194,0.71685,-0.0182832,54,55,8.54232,1.22171,2.42672,430.646,0.00994416,532.126,6,0.209087,0.00633598,0.996259,1.00913,54,55,2024-06-14T18:58:20Z
26,,82s-1050,1.1,LI-7810,TG10-01087,2,5,318,8,4244.1,46.96,6835.06,1718391585,38.8734,-76.5523,0.93,23.3,12,America/New_York,101.1383,27.631058333333332,9999,0,0,25.599999999999977,0,0,0,0,0,0,0,0,0,0,0,0,0,0,0,0,0,0,0,0,0,0,0,0,0,0,2024-06-14T18:59:46Z
21,,82s-1050,1.1,LI-7810,TG10-01087,1,5,318,8,4244.1,46.96,6835.06,1718391746,38.8735,-76.5525,0.99,18.6,10,America/New_York,101.13970000000005,27.783671666666667,9999,2.500000000000001e-4,0,25.599999999999977,-0.323182,3.44931,0,2092.79,1.82497e-5,0,2,0.0414179,0.00125509,0.945864,-0.0381927,54,55,10.8224,1.14733,-0.495668,429.912,0.0106078,550.48,6,0.196912,0.00596704,0.997714,1.27896,54,55,2024-06-14T19:02:26Z
21,,82s-1050,1.1,LI-7810,TG10-01087,2,5,318,8,4244.1,46.96,6835.06,1718391831,38.8735,-76.5525,1.04,16.6,10,America/New_York,101.1374,27.774310000000018,9999,0,0,25.599999999999977,-0.26191,5.60708,0,2092.16,1.47984e-5,0,2,0.0562777,0.00170538,0.846595,-0.0309606,54,55,6.33379,7.66639,0,455.195,7.49063e-7,1000000,10,1.87641,0.0568609,0.69491,0.748722,54,55,2024-06-14T19:03:52Z
24,,82s-1050,1.1,LI-7810,TG10-01087,1,5,318,8,4244.1,46.96,6835.06,1718391967,38.8735,-76.5525,0.86,15.5,13,America/New_York,101.1398,27.60357333333333,9999,0,0,25.599999999999977,-0.171332,17.4136,0,2092.64,9.67194e-6,0,10,0.116097,0.0035181,-0.394981,-0.0202399,54,55,8.30627,1.1538,-0.715732,431.929,0.0100631,529.437,6,0.156175,0.00473257,0.997629,0.981237,54,55,2024-06-14T19:06:07Z
24,,82s-1050,1.1,LI-7810,TG10-01087,2,5,318,8,4244.1,46.96,6835.06,1718392051,38.8735,-76.5525,0.97,15.3,11,America/New_York,101.13779999999998,27.441221666666667,9999,0,0,25.430000000000017,-0.112378,24.479,0,2091.93,6.34286e-6,0,10,0.107088,0.0032451,-1.42939,-0.0132688,54,55,4.26534,9.11172,0,434.882,5.03843e-7,1000000,10,1.50427,0.045584,0.567668,0.503623,54,55,2024-06-14T19:07:32Z
23,,82s-1050,1.1,LI-7810,TG10-01087,1,5,318,8,4244.1,46.96,6835.06,1718392165,38.8734,-76.5525,0.89,16.9,13,America/New_York,101.13403333333332,27.478483333333333,9999,2.666666666666668e-4,0,25.40000000000002,-0.0177342,84.4063,0,2092.96,1.00067e-6,0,2,0.0574484,0.00176764,-1.22081,-0.00209437,53,54,16.7575,1.08311,-2.49079,435.31,0.0155858,562.285,10,0.175304,0.00539396,0.998904,1.97902,53,54,2024-06-14T19:09:26Z
23,,82s-1050,1.1,LI-7810,TG10-01087,2,5,318,8,4244.1,46.96,6835.06,1718392250,38.8733,-76.5526,0.91,19.4,12,America/New_York,101.13345000000001,27.394646666666663,9999,0,0,25.40000000000002,-0.0103566,78.255,-50,2092.42,8.59725e-4,2091,8,0.0311035,9.57032e-4,0.0176079,-0.00122308,53,54,9.04546,1.15885,6.98835,448.087,0.0104816,550.002,7,0.171457,0.00527561,0.997903,1.06823,53,54,2024-06-14T19:10:51Z
22,,82s-1050,1.1,LI-7810,TG10-01087,1,5,318,8,4244.1,46.96,6835.06,1718392359,38.8734,-76.5524,0.95,21.7,11,America/New_York,101.12930000000003,27.520355000000006,9999,0,0,25.40000000000002,-0.10532,21.5782,0,2093.52,5.94057e-6,0,10,0.0884548,0.00268045,-0.802878,-0.0124367,54,55,12.0204,1.11674,0.744695,431.243,0.0243154,489.618,10,0.180248,0.00546207,0.996664,1.41942,54,55,2024-06-14T19:12:40Z
22,,82s-1050,1.1,LI-7810,TG10-01087,2,5,318,8,4244.1,46.96,6835.06,1718392444,38.8734,-76.5524,0.89,20.7,13,America/New_York,101.12651666666666,27.480106666666654,9999,0,0,25.40000000000002,-0.244701,4.3184,3.44602,2093.02,0.0438086,2092.36,8,0.0393432,0.00121056,0.552008,-0.0288972,53,54,4.29284,1.463,12.586,434.018,0.00344766,581.059,3,0.168115,0.00517277,0.993854,0.506949,53,54,2024-06-14T19:14:05Z
36,,82s-1050,1.1,LI-7810,TG10-01087,1,5,318,8,4244.1,46.96,6835.06,1718392630,38.8735,-76.552,1.11,24.4,11,America/New_York,101.1200666666667,27.67519333333333,9999,5.16666666666667e-4,0,25.599999999999977,-1.10863,1.5672,3.02325,2090.65,0.0451167,2087.74,10,0.0503856,0.00152683,0.933469,-0.131068,54,55,19.1418,1.19491,2.90402,446.271,0.0364613,508.338,8,0.428183,0.0129752,0.988098,2.26305,54,55,2024-06-14T19:17:10Z
36,,82s-1050,1.1,LI-7810,TG10-01087,2,5,318,8,4244.1,46.96,6835.06,1718392714,38.8735,-76.5518,0.91,27.9,12,America/New_York,101.11564999999995,27.619713333333337,9999,0,0,25.599999999999977,-0.236494,9.51181,0,2088.57,1.33795e-5,0,10,0.0871789,0.00264179,0.560087,-0.027944,54,55,5.6829,1.22152,-4.15757,451.144,0.00401895,618.225,3,0.138893,0.00420888,0.99721,0.671489,54,55,2024-06-14T19:18:35Z
33,,82s-1050,1.1,LI-7810,TG10-01087,1,5,318,8,4244.1,46.96,6835.06,1718392856,38.8736,-76.5518,1.09,30.3,11,America/New_York,101.11666666666669,27.558288333333326,9999,0,0,25.599999999999977,-0.138448,13.5803,0,2089.5,7.83039e-6,0,10,0.0731058,0.00221533,0.27957,-0.0163616,54,55,14.7294,1.10169,4.61121,449.394,0.019155,540.269,4,0.194466,0.0058929,0.998328,1.74071,54,55,2024-06-14T19:20:56Z
33,,82s-1050,1.1,LI-7810,TG10-01087,2,5,318,8,4244.1,46.96,6835.06,1718392941,38.8736,-76.5518,1.13,32.1,10,America/New_York,101.11554999999998,27.388615000000005,9999,0,0,25.599999999999977,-0.158403,6.09163,-8.98078,2089.72,0.016112,2088.56,6,0.0370641,0.00112315,0.592675,-0.018717,54,55,5.5619,1.32768,7.51106,471.437,0.00360283,653.849,2,0.176632,0.0053525,0.995805,0.657198,54,55,2024-06-14T19:22:21Z
35,,82s-1050,1.1,LI-7810,TG10-01087,1,5,318,8,4244.1,46.96,6835.06,1718393057,38.8736,-76.552,1.05,33,12,America/New_York,101.11326666666666,27.676058333333334,9999,4.0000000000000024e-4,0,25.599999999999977,-0.59422,1.8714,-4.31159,2090.17,0.0343538,2088.13,7,0.0353641,0.00108813,0.888691,-0.070195,53,54,17.6442,1.15839,-1.33662,441.7,0.0252723,524.174,10,0.333706,0.0102679,0.993911,2.0843,53,54,2024-06-14T19:24:18Z
35,,82s-1050,1.1,LI-7810,TG10-01087,2,5,318,8,4244.1,46.96,6835.06,1718393142,38.8736,-76.5519,1.24,33.2,11,America/New_York,101.11239999999998,27.593011666666666,9999,0,0,25.596666666666646,-0.125868,15.0768,0,2089.06,7.11475e-6,0,10,0.0726521,0.00223545,0.0735484,-0.0148631,53,54,6.41154,1.15117,8.3703,463.078,0.00517358,609.419,4,0.116955,0.00359861,0.998503,0.757106,53,54,2024-06-14T19:25:43Z
34,,82s-1050,1.1,LI-7810,TG10-01087,1,5,318,8,4244.1,46.96,6835.06,1718393237,38.8735,-76.5519,1.06,34.1,12,America/New_York,101.11050000000002,27.76020499999999,9999,0,0,25.40000000000002,-0.246678,11.247,0,2089.23,1.39455e-5,0,10,0.107666,0.0032626,0.390192,-0.0291353,54,55,8.98826,1.2632,-7.08613,444.53,0.00707503,594.58,5,0.246835,0.00747986,0.995428,1.06161,54,55,2024-06-14T19:27:18Z
34,,82s-1050,1.1,LI-7810,TG10-01087,2,5,318,8,4244.1,46.96,6835.06,1718393322,38.8736,-76.5517,1.07,37.5,12,America/New_York,101.11070000000001,27.75855,9999,0,0,25.40000000000002,-0.20069,11.168,0,2089.04,1.13489e-5,0,10,0.0869898,0.00263605,0.402392,-0.0237083,54,55,5.87892,1.22012,4.22377,446.439,0.00333355,654.775,2,0.143028,0.00433418,0.997511,0.694501,54,55,2024-06-14T19:28:43Z
37,,82s-1050,1.1,LI-7810,TG10-01087,1,5,318,8,4244.1,46.96,6835.06,1718393468,38.8737,-76.5517,0.97,42.7,11,America/New_York,101.11550000000001,27.64635666666666,9999,5.500000000000004e-4,0,25.40000000000002,-0.155969,13.5765,0,2089.49,8.81319e-6,0,10,0.0810116,0.00249266,0.214909,-0.0184151,53,54,8.57663,1.48593,0,439.203,1.01308e-6,1000000,10,0.346549,0.0106631,0.99425,1.01264,53,54,2024-06-14T19:31:09Z
37,,82s-1050,1.1,LI-7810,TG10-01087,2,5,318,8,4244.1,46.96,6835.06,1718393553,38.8737,-76.5518,1.03,44.7,9,America/New_York,101.1166166666667,27.652323333333356,9999,0,0,25.40000000000002,0,0,0,0,0,0,0,0,0,0,0,0,0,0,0,0,0,0,0,0,0,0,0,0,0,0,2024-06-14T19:32:34Z
39,,82s-1050,1.1,LI-7810,TG10-01087,1,5,318,8,4244.1,46.96,6835.06,1718393679,38.8736,-76.5519,0.93,47.7,13,America/New_York,101.11793333333337,27.49356166666667,9999,3.3333333333333335e-5,0,25.40000000000002,-0.180308,15.8825,0,2089.01,1.01909e-5,0,10,0.111336,0.00337383,-0.100343,-0.0212888,54,55,20.346,1.28065,2.26978,435.684,0.0209904,550.128,4,0.583033,0.0176677,0.990552,2.40223,54,55,2024-06-14T19:34:39Z
39,,82s-1050,1.1,LI-7810,TG10-01087,2,5,318,8,4244.1,46.96,6835.06,1718393764,38.8736,-76.5518,0.99,49.1,12,America/New_York,101.11718333333332,27.243820000000003,9999,0,0,25.40000000000002,-0.0958532,17.2747,0,2089.4,5.41772e-6,0,10,0.064411,0.00195185,-0.13649,-0.0113198,54,55,6.29042,8.05082,0,470.25,7.43216e-7,1000000,10,1.95681,0.0592974,0.664442,0.742866,54,55,2024-06-14T19:36:04Z
38,,82s-1050,1.1,LI-7810,TG10-01087,1,5,318,8,4244.1,46.96,6835.06,1718393901,38.8737,-76.5519,0.94,48.7,11,America/New_York,101.11998333333332,27.475141666666655,9999,3.3333333333333354e-4,0,25.40000000000002,-1.98683,1.18041,3.59342,2088.89,0.0899469,2086.29,5,0.0419737,0.00127193,0.93124,-0.234492,54,55,62.0178,1.08348,5.1449,435.7,0.0675927,543.988,10,0.660603,0.0200183,0.992738,7.31952,54,55,2024-06-14T19:38:21Z
38,,82s-1050,1.1,LI-7810,TG10-01087,2,5,318,8,4244.1,46.96,6835.06,1718393986,38.8737,-76.5519,0.87,46,14,America/New_York,101.12159999999999,27.26568166666667,9999,0,0,25.40000000000002,-0.17165,23.3157,0,2090.45,9.69078e-6,0,10,0.155712,0.00471853,-1.19548,-0.0202581,54,55,8.04658,1.25089,9.02863,473.341,0.0168058,529.849,5,0.213803,0.00647887,0.994809,0.949656,54,55,2024-06-14T19:39:46Z
40,,82s-1050,1.1,LI-7810,TG10-01087,1,5,318,8,4244.1,46.96,6835.06,1718394110,38.8737,-76.5518,1.05,46.1,13,America/New_York,101.1143333333333,27.590769999999996,9999,0,0,25.40000000000002,-2.08567,1.41046,0.952818,2085.01,0.839738,2084.71,2,0.0766097,0.00232151,6.28069e-4,-0.24607,54,55,10.4154,1.28392,2.45893,456.371,0.0123149,556.154,6,0.300494,0.00910587,0.994046,1.22882,54,55,2024-06-14T19:41:51Z
40,,82s-1050,1.1,LI-7810,TG10-01087,2,5,318,8,4244.1,46.96,6835.06,1718394195,38.8737,-76.5517,0.92,46.9,13,America/New_York,101.11173333333333,27.64548833333333,9999,0,0,25.40000000000002,-0.117285,8.43718,0,2085.45,6.63993e-6,0,2,0.0382557,0.00115926,0.720627,-0.0138473,54,55,6.74699,1.27173,5.53026,485.826,0.00770094,589.265,3,0.189212,0.0057337,0.995873,0.796582,54,55,2024-06-14T19:43:16Z
43,,82s-1050,1.1,LI-7810,TG10-01087,1,5,318,8,4244.1,46.96,6835.06,1718394317,38.8736,-76.5518,1,40.2,12,America/New_York,101.10821666666669,27.670836666666666,9999,3.8333333333333356e-4,0,25.40000000000002,-0.0597645,21.7315,0,2087.07,3.38399e-6,0,7,0.0505899,0.00153303,-0.108581,-0.00706262,54,55,4.6566,1.45625,-10.0133,463.432,0.00181925,765.913,3,0.183522,0.00556128,0.993714,0.55029,54,55,2024-06-14T19:45:18Z
43,,82s-1050,1.1,LI-7810,TG10-01087,2,5,318,8,4244.1,46.96,6835.06,1718394402,38.8737,-76.5518,1.07,38.9,10,America/New_York,101.10679999999998,27.628811666666667,9999,0,0,25.40000000000002,-0.0543539,18.4208,0,2087.04,3.07784e-6,0,2,0.0389846,0.00118135,0.198855,-0.00642356,54,55,5.2945,1.19854,-1.1025,472.716,0.00768858,554.097,5,0.119881,0.00363277,0.997028,0.625705,54,55,2024-06-14T19:46:43Z
44,,82s-1050,1.1,LI-7810,TG10-01087,1,5,318,8,4244.1,46.96,6835.06,1718394524,38.8737,-76.5517,1.09,36.8,12,America/New_York,101.10711666666666,27.607723333333333,9999,0,0,25.40000000000002,1.20557,1.3024,1.24543,2087.04,0.0343553,2091.19,8,0.0363202,0.00110061,0.978263,0.142463,54,55,16.6542,1.1173,-7.29622,464.637,0.0227913,550.988,4,0.250661,0.00759579,0.995552,1.96803,54,55,2024-06-14T19:48:45Z
44,,82s-1050,1.1,LI-7810,TG10-01087,2,5,318,8,4244.1,46.96,6835.06,1718394609,38.8736,-76.5517,0.97,35.4,12,America/New_York,101.10748333333332,27.472431666666672,9999,0,0,25.40000000000002,0.341797,2.89797,8.90331,2085.88,0.0014872,2113.04,2,0.0360122,0.00109128,0.96013,0.0403936,54,55,5.63177,1.22217,2.24666,494.713,0.00657328,595.966,4,0.137899,0.00417875,0.996909,0.665563,54,55,2024-06-14T19:50:10Z
42,,82s-1050,1.1,LI-7810,TG10-01087,1,5,318,8,4244.1,46.96,6835.06,1718394712,38.8736,-76.5518,1.02,35.2,10,America/New_York,101.10293333333333,27.486250000000002,9999,0,0,25.436666666666653,-0.837822,1.70477,-8.78411,2083.66,0.0134412,2076.3,7,0.0432229,0.00132993,0.973214,-0.098942,53,54,11.489,1.14144,-4.62041,474.85,0.0147619,566.761,6,0.198867,0.00611899,0.996975,1.35679,53,54,2024-06-14T19:51:53Z
42,,82s-1050,1.1,LI-7810,TG10-01087,2,5,318,8,4244.1,46.96,6835.06,1718394797,38.8736,-76.5518,0.94,34.8,12,America/New_York,101.09986666666667,27.41820999999999,9999,0,0,25.599999999999977,-0.417765,7.68314,0,2079.21,2.37616e-5,0,2,0.122212,0.00376037,0.708228,-0.0494055,53,54,5.50617,1.21217,7.01897,523.077,0.00187252,870.828,2,0.128669,0.00395904,0.997892,0.651168,53,54,2024-06-14T19:53:18Z
41,,82s-1050,1.1,LI-7810,TG10-01087,1,5,318,8,4244.1,46.96,6835.06,1718394932,38.8737,-76.5518,1.13,34.1,10,America/New_York,101.0959666666667,27.53047,9999,1.5000000000000001e-4,0,25.599999999999977,-1.48394,1.2995,-1.95144,2082.22,0.0622319,2079.4,5,0.0444308,0.00134639,0.895389,-0.175424,54,55,60.9942,1.10135,-0.934536,479.45,0.0613758,596.929,7,0.801054,0.0242744,0.981326,7.2104,54,55,2024-06-14T19:55:32Z
41,,82s-1050,1.1,LI-7810,TG10-01087,2,5,318,8,4244.1,46.96,6835.06,1718395017,38.8736,-76.5518,0.95,32.2,12,America/New_York,101.09333333333333,27.42732333333334,9999,0,0,25.599999999999977,-0.14241,8.89995,0,2081.19,8.08982e-6,0,2,0.0491039,0.001488,0.665972,-0.0168365,54,55,6.79921,1.18716,5.87814,521.144,0.0094798,605.939,8,0.147581,0.00447215,0.997334,0.80384,54,55,2024-06-14T19:56:57Z
45,,82s-1050,1.1,LI-7810,TG10-01087,1,5,318,8,4244.1,46.96,6835.06,1718395522,38.8735,-76.5516,0.96,33.3,12,America/New_York,101.07621666666664,27.720589999999998,9999,3.166666666666668e-4,0,25.599999999999977,-0.230054,4.54333,-10.3941,2081.15,0.0118227,2078.86,8,0.0396512,0.00120155,0.780671,-0.0271806,54,55,8.60856,1.16605,0.561748,451.555,0.0143374,522.495,5,0.171083,0.00518434,0.996662,1.01709,54,55,2024-06-14T20:05:22Z
45,,82s-1050,1.1,LI-7810,TG10-01087,2,5,318,8,4244.1,46.96,6835.06,1718395607,38.8735,-76.5516,0.98,34.9,13,America/New_York,101.07288333333334,27.482379999999985,9999,0,0,25.599999999999977,-0.13394,11.3363,0,2080.67,7.60119e-6,0,10,0.0580193,0.00178521,0.437452,-0.0158156,53,54,4.67264,1.44365,4.88097,472.985,0.00254645,689.657,2,0.177874,0.00547305,0.994152,0.551744,53,54,2024-06-14T20:06:48Z
47,,82s-1050,1.1,LI-7810,TG10-01087,1,5,318,8,4244.1,46.96,6835.06,1718395747,38.8736,-76.5516,1.07,39.7,11,America/New_York,101.06890000000003,27.643535000000004,9999,5.500000000000004e-4,0,25.599999999999977,-0.384462,5.31791,0,2078.06,2.18241e-5,0,10,0.078025,0.00236439,0.862668,-0.0453518,54,55,9.59021,1.12288,-1.91867,467.047,0.00730487,621.913,7,0.149665,0.00453529,0.998599,1.13128,54,55,2024-06-14T20:09:08Z
47,,82s-1050,1.1,LI-7810,TG10-01087,2,5,318,8,4244.1,46.96,6835.06,1718395832,38.8735,-76.5517,1,36.5,11,America/New_York,101.07053333333336,27.71455166666666,9999,0,0,25.599999999999977,-0.300181,7.87276,0,2078.25,1.70503e-5,0,3,0.0898571,0.00276483,0.700515,-0.0354349,53,54,6.36264,1.24873,-1.5696,486.091,0.00297122,738.876,2,0.16542,0.00508985,0.99709,0.751077,53,54,2024-06-14T20:10:33Z
48,,82s-1050,1.1,LI-7810,TG10-01087,1,5,318,8,4244.1,46.96,6835.06,1718395943,38.8736,-76.5516,0.96,35.5,9,America/New_York,101.06916666666666,27.72335833333333,9999,3.0000000000000014e-4,0,25.599999999999977,-0.440689,16.2519,0,2072.78,2.50972e-5,0,10,0.274195,0.00843677,-0.315001,-0.052021,53,54,16.241,1.07855,-2.44472,486.282,0.0184917,589.959,4,0.156666,0.00482048,0.998881,1.91717,53,54,2024-06-14T20:12:24Z
48,,82s-1050,1.1,LI-7810,TG10-01087,2,5,318,8,4244.1,46.96,6835.06,1718396028,38.8736,-76.5516,1.03,32,10,America/New_York,101.07100000000001,27.666063333333327,9999,0,0,25.599999999999977,-0.359121,3.43278,0,2073.74,2.04401e-5,0,10,0.0457216,0.0013855,0.945287,-0.0423875,54,55,7.45986,1.13658,4.68982,497.062,0.00607988,641.884,5,0.127306,0.00385775,0.998578,0.880498,54,55,2024-06-14T20:13:49Z
46,,82s-1050,1.1,LI-7810,TG10-01087,1,5,318,8,4244.1,46.96,6835.06,1718396149,38.8735,-76.5517,0.96,32.1,12,America/New_York,101.0701666666667,27.559165000000025,9999,0,0,25.573333333333334,-3.68092,2.26316,2.73416,2078.98,0.0413252,2068.49,7,0.287024,0.00869769,0.84786,-0.433702,54,55,15.481,1.08187,-1.85125,451.484,0.0115727,609.099,7,0.159704,0.00483951,0.999187,1.82403,54,55,2024-06-14T20:15:49Z
46,,82s-1050,1.1,LI-7810,TG10-01087,2,5,318,8,4244.1,46.96,6835.06,1718396233,38.8736,-76.5516,0.99,30.2,6,America/New_York,101.06666666666666,27.567936666666665,9999,0,0,25.40000000000002,-1.14094,3.80003,0,2073.13,6.48992e-5,0,10,0.162166,0.00491414,0.929744,-0.134545,54,55,9.61198,1.1403,4.4667,479.369,0.00498815,706.604,3,0.16737,0.00507182,0.998599,1.13348,54,55,2024-06-14T20:17:14Z
